Insert into APP_USER (ID,ACTIVE,CREATE_BY,CREATE_DATE,LAST_UPDATE_BY,LAST_UPDATE_DATE,USERNAME,PASSWORD,DISPLAY_LANG,LAST_LOGIN,LAST_LOGIN_FROM,EMPLOYEE) values ('eec5f679d2b144d1a95322c2cd39f14d','Y','mimin',to_timestamp('02-03-2011 14.53.16','DD-MM-RRRR HH24.MI.SSXFF'),'admin',to_timestamp('23-05-2013 17.50.51','DD-MM-RRRR HH24.MI.SSXFF'),'root','804307f829e4d68cf9666dc8bf17dcd94ba76600','en',to_timestamp('23-05-2013 17.50.51','DD-MM-RRRR HH24.MI.SSXFF'),'127.0.0.1',null);

Insert into APP_ROLE (ID,ACTIVE,CREATE_BY,CREATE_DATE,LAST_UPDATE_BY,LAST_UPDATE_DATE,NAME,DESCRIPTION) values ('c6c2c31d117b4aae879b776349e116f5','Y','mimin',to_timestamp('02-03-2011 14.53.16','DD-MM-RRRR HH24.MI.SSXFF'),'admin',to_timestamp('23-05-2013 17.18.59','DD-MM-RRRR HH24.MI.SSXFF'),'admin','administrator');
Insert into APP_ROLE (ID,ACTIVE,CREATE_BY,CREATE_DATE,LAST_UPDATE_BY,LAST_UPDATE_DATE,NAME,DESCRIPTION) values ('4028e90d3ecb9c0e013ecbad65590004','Y','admin',to_timestamp('22-05-2013 16.58.58','DD-MM-RRRR HH24.MI.SSXFF'),'admin',to_timestamp('22-05-2013 22.28.22','DD-MM-RRRR HH24.MI.SSXFF'),'staff','');
Insert into APP_ROLE (ID,ACTIVE,CREATE_BY,CREATE_DATE,LAST_UPDATE_BY,LAST_UPDATE_DATE,NAME,DESCRIPTION) values ('4028e90d3ed10334013ed11fcacb0008','Y','admin',to_timestamp('23-05-2013 18.22.01','DD-MM-RRRR HH24.MI.SSXFF'),'admin',to_timestamp('23-05-2013 18.22.01','DD-MM-RRRR HH24.MI.SSXFF'),'manager','');

Insert into APP_USER_ROLE (APP_USER_ID,APP_ROLE_ID) values ('eec5f679d2b144d1a95322c2cd39f14d','c6c2c31d117b4aae879b776349e116f5');

Insert into APP_PERMISSION (ID,ACTIVE,CREATE_BY,CREATE_DATE,LAST_UPDATE_BY,LAST_UPDATE_DATE,NAME,DESCRIPTION,HTTP_PATH,HTTP_METHOD,AS_MENU,MENU_ORDER,PARENT_MENU,ICON_FILE) values ('2e29940ddd734441982c5625d5391047','Y','mimin',to_timestamp('02-03-2011 14.53.16','DD-MM-RRRR HH24.MI.SSXFF'),'mimin',to_timestamp('02-03-2011 14.53.16','DD-MM-RRRR HH24.MI.SSXFF'),'Application',null,'#','GET','Y',1,null,null);
Insert into APP_PERMISSION (ID,ACTIVE,CREATE_BY,CREATE_DATE,LAST_UPDATE_BY,LAST_UPDATE_DATE,NAME,DESCRIPTION,HTTP_PATH,HTTP_METHOD,AS_MENU,MENU_ORDER,PARENT_MENU,ICON_FILE) values ('567E7F28DE904CF9A0C7AEA119110D45','Y','mimin',to_timestamp('09-03-2011 21.15.47','DD-MM-RRRR HH24.MI.SSXFF'),'mimin',to_timestamp('09-03-2011 21.15.47','DD-MM-RRRR HH24.MI.SSXFF'),'Permission',null,'appPermission/edit','GET','N',3,'2e29940ddd734441982c5625d5391047',null);
Insert into APP_PERMISSION (ID,ACTIVE,CREATE_BY,CREATE_DATE,LAST_UPDATE_BY,LAST_UPDATE_DATE,NAME,DESCRIPTION,HTTP_PATH,HTTP_METHOD,AS_MENU,MENU_ORDER,PARENT_MENU,ICON_FILE) values ('C3ED40778A5647198C9ABB05CEE47D1C','Y','mimin',to_timestamp('09-03-2011 21.15.47','DD-MM-RRRR HH24.MI.SSXFF'),'mimin',to_timestamp('09-03-2011 21.15.47','DD-MM-RRRR HH24.MI.SSXFF'),'Option',null,'appOption/edit','GET','N',2,'2e29940ddd734441982c5625d5391047',null);
Insert into APP_PERMISSION (ID,ACTIVE,CREATE_BY,CREATE_DATE,LAST_UPDATE_BY,LAST_UPDATE_DATE,NAME,DESCRIPTION,HTTP_PATH,HTTP_METHOD,AS_MENU,MENU_ORDER,PARENT_MENU,ICON_FILE) values ('2AA74BF0F6CF40C39811AA9E734E28E1','Y','mimin',to_timestamp('09-03-2011 21.15.47','DD-MM-RRRR HH24.MI.SSXFF'),'mimin',to_timestamp('09-03-2011 21.15.47','DD-MM-RRRR HH24.MI.SSXFF'),'Setting',null,'appSetting/edit','GET','N',3,'2e29940ddd734441982c5625d5391047',null);
Insert into APP_PERMISSION (ID,ACTIVE,CREATE_BY,CREATE_DATE,LAST_UPDATE_BY,LAST_UPDATE_DATE,NAME,DESCRIPTION,HTTP_PATH,HTTP_METHOD,AS_MENU,MENU_ORDER,PARENT_MENU,ICON_FILE) values ('2F7A6AF41B3D4022A77F74E657FB05C6','Y','mimin',to_timestamp('09-03-2011 21.15.47','DD-MM-RRRR HH24.MI.SSXFF'),'mimin',to_timestamp('09-03-2011 21.15.47','DD-MM-RRRR HH24.MI.SSXFF'),'User',null,'appUser/edit','POST','N',1,'2e29940ddd734441982c5625d5391047',null);
Insert into APP_PERMISSION (ID,ACTIVE,CREATE_BY,CREATE_DATE,LAST_UPDATE_BY,LAST_UPDATE_DATE,NAME,DESCRIPTION,HTTP_PATH,HTTP_METHOD,AS_MENU,MENU_ORDER,PARENT_MENU,ICON_FILE) values ('6182CECF589741DA80D1B836EAD95109','Y','mimin',to_timestamp('09-03-2011 21.15.47','DD-MM-RRRR HH24.MI.SSXFF'),'mimin',to_timestamp('09-03-2011 21.15.47','DD-MM-RRRR HH24.MI.SSXFF'),'Role',null,'appRole/edit','POST','N',2,'2e29940ddd734441982c5625d5391047',null);
Insert into APP_PERMISSION (ID,ACTIVE,CREATE_BY,CREATE_DATE,LAST_UPDATE_BY,LAST_UPDATE_DATE,NAME,DESCRIPTION,HTTP_PATH,HTTP_METHOD,AS_MENU,MENU_ORDER,PARENT_MENU,ICON_FILE) values ('248A23A15FAA40579B0B98763F26087D','Y','mimin',to_timestamp('09-03-2011 21.15.47','DD-MM-RRRR HH24.MI.SSXFF'),'mimin',to_timestamp('09-03-2011 21.15.47','DD-MM-RRRR HH24.MI.SSXFF'),'Permission',null,'appPermission/edit','POST','N',3,'2e29940ddd734441982c5625d5391047',null);
Insert into APP_PERMISSION (ID,ACTIVE,CREATE_BY,CREATE_DATE,LAST_UPDATE_BY,LAST_UPDATE_DATE,NAME,DESCRIPTION,HTTP_PATH,HTTP_METHOD,AS_MENU,MENU_ORDER,PARENT_MENU,ICON_FILE) values ('3B0652CB8C6447C3BC67AC02A47461D6','Y','mimin',to_timestamp('09-03-2011 21.15.47','DD-MM-RRRR HH24.MI.SSXFF'),'mimin',to_timestamp('09-03-2011 21.15.47','DD-MM-RRRR HH24.MI.SSXFF'),'Option',null,'appOption/edit','POST','N',2,'2e29940ddd734441982c5625d5391047',null);
Insert into APP_PERMISSION (ID,ACTIVE,CREATE_BY,CREATE_DATE,LAST_UPDATE_BY,LAST_UPDATE_DATE,NAME,DESCRIPTION,HTTP_PATH,HTTP_METHOD,AS_MENU,MENU_ORDER,PARENT_MENU,ICON_FILE) values ('1A22CCCB45F8455FB088E5EFC11686F7','Y','mimin',to_timestamp('09-03-2011 21.15.48','DD-MM-RRRR HH24.MI.SSXFF'),'mimin',to_timestamp('09-03-2011 21.15.48','DD-MM-RRRR HH24.MI.SSXFF'),'Setting',null,'appSetting/edit','POST','N',3,'2e29940ddd734441982c5625d5391047',null);
Insert into APP_PERMISSION (ID,ACTIVE,CREATE_BY,CREATE_DATE,LAST_UPDATE_BY,LAST_UPDATE_DATE,NAME,DESCRIPTION,HTTP_PATH,HTTP_METHOD,AS_MENU,MENU_ORDER,PARENT_MENU,ICON_FILE) values ('4028e98d2e9a45e4012e9a480cc70001','Y','mimin',to_timestamp('09-03-2011 18.02.16','DD-MM-RRRR HH24.MI.SSXFF'),'mimin',to_timestamp('09-03-2011 18.02.16','DD-MM-RRRR HH24.MI.SSXFF'),'Setting',null,'appSetting/list','GET','Y',5,'2e29940ddd734441982c5625d5391047',null);
Insert into APP_PERMISSION (ID,ACTIVE,CREATE_BY,CREATE_DATE,LAST_UPDATE_BY,LAST_UPDATE_DATE,NAME,DESCRIPTION,HTTP_PATH,HTTP_METHOD,AS_MENU,MENU_ORDER,PARENT_MENU,ICON_FILE) values ('4B15856B68A04D26B32D4902373F6776','Y','mimin',to_timestamp('09-03-2011 21.15.48','DD-MM-RRRR HH24.MI.SSXFF'),'mimin',to_timestamp('13-03-2011 15.57.04','DD-MM-RRRR HH24.MI.SSXFF'),'User Reset Password',null,'appUser/resetPassword','GET','N',1,'2e29940ddd734441982c5625d5391047',null);
Insert into APP_PERMISSION (ID,ACTIVE,CREATE_BY,CREATE_DATE,LAST_UPDATE_BY,LAST_UPDATE_DATE,NAME,DESCRIPTION,HTTP_PATH,HTTP_METHOD,AS_MENU,MENU_ORDER,PARENT_MENU,ICON_FILE) values ('4028e98d2e9a45e4012e9a479eb70000','Y','mimin',to_timestamp('09-03-2011 18.01.48','DD-MM-RRRR HH24.MI.SSXFF'),'mimin',to_timestamp('09-03-2011 18.01.48','DD-MM-RRRR HH24.MI.SSXFF'),'Option',null,'appOption/list','GET','Y',4,'2e29940ddd734441982c5625d5391047',null);
Insert into APP_PERMISSION (ID,ACTIVE,CREATE_BY,CREATE_DATE,LAST_UPDATE_BY,LAST_UPDATE_DATE,NAME,DESCRIPTION,HTTP_PATH,HTTP_METHOD,AS_MENU,MENU_ORDER,PARENT_MENU,ICON_FILE) values ('565df25d24d24551858e8b94417858c7','Y','mimin',to_timestamp('02-03-2011 14.53.16','DD-MM-RRRR HH24.MI.SSXFF'),'mimin',to_timestamp('02-03-2011 14.53.16','DD-MM-RRRR HH24.MI.SSXFF'),'User',null,'appUser/list','GET','Y',1,'2e29940ddd734441982c5625d5391047',null);
Insert into APP_PERMISSION (ID,ACTIVE,CREATE_BY,CREATE_DATE,LAST_UPDATE_BY,LAST_UPDATE_DATE,NAME,DESCRIPTION,HTTP_PATH,HTTP_METHOD,AS_MENU,MENU_ORDER,PARENT_MENU,ICON_FILE) values ('a97d938bf89a4e7b841ec30241f49077','Y','mimin',to_timestamp('02-03-2011 14.53.16','DD-MM-RRRR HH24.MI.SSXFF'),'mimin',to_timestamp('02-03-2011 14.53.16','DD-MM-RRRR HH24.MI.SSXFF'),'Role',null,'appRole/list','GET','Y',2,'2e29940ddd734441982c5625d5391047',null);
Insert into APP_PERMISSION (ID,ACTIVE,CREATE_BY,CREATE_DATE,LAST_UPDATE_BY,LAST_UPDATE_DATE,NAME,DESCRIPTION,HTTP_PATH,HTTP_METHOD,AS_MENU,MENU_ORDER,PARENT_MENU,ICON_FILE) values ('1415dc2385f34bb8a25bc3bc0f96b980','Y','mimin',to_timestamp('02-03-2011 14.53.16','DD-MM-RRRR HH24.MI.SSXFF'),'mimin',to_timestamp('02-03-2011 14.53.16','DD-MM-RRRR HH24.MI.SSXFF'),'Permission',null,'appPermission/list','GET','Y',3,'2e29940ddd734441982c5625d5391047',null);
Insert into APP_PERMISSION (ID,ACTIVE,CREATE_BY,CREATE_DATE,LAST_UPDATE_BY,LAST_UPDATE_DATE,NAME,DESCRIPTION,HTTP_PATH,HTTP_METHOD,AS_MENU,MENU_ORDER,PARENT_MENU,ICON_FILE) values ('797B00A58AF245E4906AA5DDB31C5B41','Y','mimin',to_timestamp('09-03-2011 21.15.45','DD-MM-RRRR HH24.MI.SSXFF'),'mimin',to_timestamp('09-03-2011 21.15.45','DD-MM-RRRR HH24.MI.SSXFF'),'User',null,'appUser/listAjax','GET','N',1,'2e29940ddd734441982c5625d5391047',null);
Insert into APP_PERMISSION (ID,ACTIVE,CREATE_BY,CREATE_DATE,LAST_UPDATE_BY,LAST_UPDATE_DATE,NAME,DESCRIPTION,HTTP_PATH,HTTP_METHOD,AS_MENU,MENU_ORDER,PARENT_MENU,ICON_FILE) values ('B07CC2605E1D4788875B35194CFE3F9F','Y','mimin',to_timestamp('09-03-2011 21.15.45','DD-MM-RRRR HH24.MI.SSXFF'),'mimin',to_timestamp('09-03-2011 21.15.45','DD-MM-RRRR HH24.MI.SSXFF'),'Role',null,'appRole/listAjax','GET','N',2,'2e29940ddd734441982c5625d5391047',null);
Insert into APP_PERMISSION (ID,ACTIVE,CREATE_BY,CREATE_DATE,LAST_UPDATE_BY,LAST_UPDATE_DATE,NAME,DESCRIPTION,HTTP_PATH,HTTP_METHOD,AS_MENU,MENU_ORDER,PARENT_MENU,ICON_FILE) values ('F7D716CE30244D2586F22A8FB6E42896','Y','mimin',to_timestamp('09-03-2011 21.15.45','DD-MM-RRRR HH24.MI.SSXFF'),'mimin',to_timestamp('09-03-2011 21.15.45','DD-MM-RRRR HH24.MI.SSXFF'),'Permission',null,'appPermission/listAjax','GET','N',3,'2e29940ddd734441982c5625d5391047',null);
Insert into APP_PERMISSION (ID,ACTIVE,CREATE_BY,CREATE_DATE,LAST_UPDATE_BY,LAST_UPDATE_DATE,NAME,DESCRIPTION,HTTP_PATH,HTTP_METHOD,AS_MENU,MENU_ORDER,PARENT_MENU,ICON_FILE) values ('1C7CA68BECBC4B8381B48216425E9D94','Y','mimin',to_timestamp('09-03-2011 21.15.45','DD-MM-RRRR HH24.MI.SSXFF'),'mimin',to_timestamp('09-03-2011 21.15.45','DD-MM-RRRR HH24.MI.SSXFF'),'Option',null,'appOption/listAjax','GET','N',2,'2e29940ddd734441982c5625d5391047',null);
Insert into APP_PERMISSION (ID,ACTIVE,CREATE_BY,CREATE_DATE,LAST_UPDATE_BY,LAST_UPDATE_DATE,NAME,DESCRIPTION,HTTP_PATH,HTTP_METHOD,AS_MENU,MENU_ORDER,PARENT_MENU,ICON_FILE) values ('50D3711D00404765A6572DCD1274020E','Y','mimin',to_timestamp('09-03-2011 21.15.45','DD-MM-RRRR HH24.MI.SSXFF'),'mimin',to_timestamp('09-03-2011 21.15.45','DD-MM-RRRR HH24.MI.SSXFF'),'Setting',null,'appSetting/listAjax','GET','N',3,'2e29940ddd734441982c5625d5391047',null);
Insert into APP_PERMISSION (ID,ACTIVE,CREATE_BY,CREATE_DATE,LAST_UPDATE_BY,LAST_UPDATE_DATE,NAME,DESCRIPTION,HTTP_PATH,HTTP_METHOD,AS_MENU,MENU_ORDER,PARENT_MENU,ICON_FILE) values ('1E4BB742EF47444193DC854DC512BEFD','Y','mimin',to_timestamp('09-03-2011 21.15.45','DD-MM-RRRR HH24.MI.SSXFF'),'mimin',to_timestamp('09-03-2011 21.15.45','DD-MM-RRRR HH24.MI.SSXFF'),'User',null,'appUser/detail','GET','N',1,'2e29940ddd734441982c5625d5391047',null);
Insert into APP_PERMISSION (ID,ACTIVE,CREATE_BY,CREATE_DATE,LAST_UPDATE_BY,LAST_UPDATE_DATE,NAME,DESCRIPTION,HTTP_PATH,HTTP_METHOD,AS_MENU,MENU_ORDER,PARENT_MENU,ICON_FILE) values ('D54EE48F2D394ED4B87ED8DC16D8C0F2','Y','mimin',to_timestamp('09-03-2011 21.15.45','DD-MM-RRRR HH24.MI.SSXFF'),'mimin',to_timestamp('09-03-2011 21.15.45','DD-MM-RRRR HH24.MI.SSXFF'),'Role',null,'appRole/detail','GET','N',2,'2e29940ddd734441982c5625d5391047',null);
Insert into APP_PERMISSION (ID,ACTIVE,CREATE_BY,CREATE_DATE,LAST_UPDATE_BY,LAST_UPDATE_DATE,NAME,DESCRIPTION,HTTP_PATH,HTTP_METHOD,AS_MENU,MENU_ORDER,PARENT_MENU,ICON_FILE) values ('EF7F8F076F394231829D8DE44CD8E2E7','Y','mimin',to_timestamp('09-03-2011 21.15.45','DD-MM-RRRR HH24.MI.SSXFF'),'mimin',to_timestamp('09-03-2011 21.15.45','DD-MM-RRRR HH24.MI.SSXFF'),'Permission',null,'appPermission/detail','GET','N',3,'2e29940ddd734441982c5625d5391047',null);
Insert into APP_PERMISSION (ID,ACTIVE,CREATE_BY,CREATE_DATE,LAST_UPDATE_BY,LAST_UPDATE_DATE,NAME,DESCRIPTION,HTTP_PATH,HTTP_METHOD,AS_MENU,MENU_ORDER,PARENT_MENU,ICON_FILE) values ('2B64067D983E4246AFE8CFE13B106D49','Y','mimin',to_timestamp('09-03-2011 21.15.46','DD-MM-RRRR HH24.MI.SSXFF'),'mimin',to_timestamp('09-03-2011 21.15.46','DD-MM-RRRR HH24.MI.SSXFF'),'Option',null,'appOption/detail','GET','N',2,'2e29940ddd734441982c5625d5391047',null);
Insert into APP_PERMISSION (ID,ACTIVE,CREATE_BY,CREATE_DATE,LAST_UPDATE_BY,LAST_UPDATE_DATE,NAME,DESCRIPTION,HTTP_PATH,HTTP_METHOD,AS_MENU,MENU_ORDER,PARENT_MENU,ICON_FILE) values ('8142FAF86ACF46B2877E43CC14D94074','Y','mimin',to_timestamp('09-03-2011 21.15.46','DD-MM-RRRR HH24.MI.SSXFF'),'mimin',to_timestamp('09-03-2011 21.15.46','DD-MM-RRRR HH24.MI.SSXFF'),'Setting',null,'appSetting/detail','GET','N',3,'2e29940ddd734441982c5625d5391047',null);
Insert into APP_PERMISSION (ID,ACTIVE,CREATE_BY,CREATE_DATE,LAST_UPDATE_BY,LAST_UPDATE_DATE,NAME,DESCRIPTION,HTTP_PATH,HTTP_METHOD,AS_MENU,MENU_ORDER,PARENT_MENU,ICON_FILE) values ('12A69D24808047C7A696DE769BD377C9','Y','mimin',to_timestamp('09-03-2011 21.15.46','DD-MM-RRRR HH24.MI.SSXFF'),'mimin',to_timestamp('09-03-2011 21.15.46','DD-MM-RRRR HH24.MI.SSXFF'),'User',null,'appUser/delete','GET','N',1,'2e29940ddd734441982c5625d5391047',null);
Insert into APP_PERMISSION (ID,ACTIVE,CREATE_BY,CREATE_DATE,LAST_UPDATE_BY,LAST_UPDATE_DATE,NAME,DESCRIPTION,HTTP_PATH,HTTP_METHOD,AS_MENU,MENU_ORDER,PARENT_MENU,ICON_FILE) values ('5D29FBB23BCC46FFA8456DD7F87C8F75','Y','mimin',to_timestamp('09-03-2011 21.15.46','DD-MM-RRRR HH24.MI.SSXFF'),'mimin',to_timestamp('09-03-2011 21.15.46','DD-MM-RRRR HH24.MI.SSXFF'),'Role',null,'appRole/delete','GET','N',2,'2e29940ddd734441982c5625d5391047',null);
Insert into APP_PERMISSION (ID,ACTIVE,CREATE_BY,CREATE_DATE,LAST_UPDATE_BY,LAST_UPDATE_DATE,NAME,DESCRIPTION,HTTP_PATH,HTTP_METHOD,AS_MENU,MENU_ORDER,PARENT_MENU,ICON_FILE) values ('86DEE222EA22485287651C64BE98E614','Y','mimin',to_timestamp('09-03-2011 21.15.46','DD-MM-RRRR HH24.MI.SSXFF'),'mimin',to_timestamp('09-03-2011 21.15.46','DD-MM-RRRR HH24.MI.SSXFF'),'Permission',null,'appPermission/delete','GET','N',3,'2e29940ddd734441982c5625d5391047',null);
Insert into APP_PERMISSION (ID,ACTIVE,CREATE_BY,CREATE_DATE,LAST_UPDATE_BY,LAST_UPDATE_DATE,NAME,DESCRIPTION,HTTP_PATH,HTTP_METHOD,AS_MENU,MENU_ORDER,PARENT_MENU,ICON_FILE) values ('3101BC2A060F45429D7F5D0B0DEF02AD','Y','mimin',to_timestamp('09-03-2011 21.15.46','DD-MM-RRRR HH24.MI.SSXFF'),'mimin',to_timestamp('09-03-2011 21.15.46','DD-MM-RRRR HH24.MI.SSXFF'),'Option',null,'appOption/delete','GET','N',2,'2e29940ddd734441982c5625d5391047',null);
Insert into APP_PERMISSION (ID,ACTIVE,CREATE_BY,CREATE_DATE,LAST_UPDATE_BY,LAST_UPDATE_DATE,NAME,DESCRIPTION,HTTP_PATH,HTTP_METHOD,AS_MENU,MENU_ORDER,PARENT_MENU,ICON_FILE) values ('4C078AD444E341D8A75FB0B07FA43BBA','Y','mimin',to_timestamp('09-03-2011 21.15.46','DD-MM-RRRR HH24.MI.SSXFF'),'mimin',to_timestamp('09-03-2011 21.15.46','DD-MM-RRRR HH24.MI.SSXFF'),'Setting',null,'appSetting/delete','GET','N',3,'2e29940ddd734441982c5625d5391047',null);
Insert into APP_PERMISSION (ID,ACTIVE,CREATE_BY,CREATE_DATE,LAST_UPDATE_BY,LAST_UPDATE_DATE,NAME,DESCRIPTION,HTTP_PATH,HTTP_METHOD,AS_MENU,MENU_ORDER,PARENT_MENU,ICON_FILE) values ('D60D3AE31A5E4603B757BFE05D01F2BB','Y','mimin',to_timestamp('09-03-2011 21.15.47','DD-MM-RRRR HH24.MI.SSXFF'),'mimin',to_timestamp('09-03-2011 21.15.47','DD-MM-RRRR HH24.MI.SSXFF'),'User',null,'appUser/create','GET','N',1,'2e29940ddd734441982c5625d5391047',null);
Insert into APP_PERMISSION (ID,ACTIVE,CREATE_BY,CREATE_DATE,LAST_UPDATE_BY,LAST_UPDATE_DATE,NAME,DESCRIPTION,HTTP_PATH,HTTP_METHOD,AS_MENU,MENU_ORDER,PARENT_MENU,ICON_FILE) values ('ED24BA86C56E44D69A958600FDE7A523','Y','mimin',to_timestamp('09-03-2011 21.15.47','DD-MM-RRRR HH24.MI.SSXFF'),'mimin',to_timestamp('09-03-2011 21.15.47','DD-MM-RRRR HH24.MI.SSXFF'),'Role',null,'appRole/create','GET','N',2,'2e29940ddd734441982c5625d5391047',null);
Insert into APP_PERMISSION (ID,ACTIVE,CREATE_BY,CREATE_DATE,LAST_UPDATE_BY,LAST_UPDATE_DATE,NAME,DESCRIPTION,HTTP_PATH,HTTP_METHOD,AS_MENU,MENU_ORDER,PARENT_MENU,ICON_FILE) values ('553E7C66B2854F37B61521ED2DE29E50','Y','mimin',to_timestamp('09-03-2011 21.15.47','DD-MM-RRRR HH24.MI.SSXFF'),'mimin',to_timestamp('09-03-2011 21.15.47','DD-MM-RRRR HH24.MI.SSXFF'),'Permission',null,'appPermission/create','GET','N',3,'2e29940ddd734441982c5625d5391047',null);
Insert into APP_PERMISSION (ID,ACTIVE,CREATE_BY,CREATE_DATE,LAST_UPDATE_BY,LAST_UPDATE_DATE,NAME,DESCRIPTION,HTTP_PATH,HTTP_METHOD,AS_MENU,MENU_ORDER,PARENT_MENU,ICON_FILE) values ('C1287B8DB1894DADA3131009765310C8','Y','mimin',to_timestamp('09-03-2011 21.15.47','DD-MM-RRRR HH24.MI.SSXFF'),'mimin',to_timestamp('09-03-2011 21.15.47','DD-MM-RRRR HH24.MI.SSXFF'),'Option',null,'appOption/create','GET','N',2,'2e29940ddd734441982c5625d5391047',null);
Insert into APP_PERMISSION (ID,ACTIVE,CREATE_BY,CREATE_DATE,LAST_UPDATE_BY,LAST_UPDATE_DATE,NAME,DESCRIPTION,HTTP_PATH,HTTP_METHOD,AS_MENU,MENU_ORDER,PARENT_MENU,ICON_FILE) values ('022C4C55EFB44354AC7F17CBDF06039B','Y','mimin',to_timestamp('09-03-2011 21.15.47','DD-MM-RRRR HH24.MI.SSXFF'),'mimin',to_timestamp('09-03-2011 21.15.47','DD-MM-RRRR HH24.MI.SSXFF'),'Setting',null,'appSetting/create','GET','N',3,'2e29940ddd734441982c5625d5391047',null);
Insert into APP_PERMISSION (ID,ACTIVE,CREATE_BY,CREATE_DATE,LAST_UPDATE_BY,LAST_UPDATE_DATE,NAME,DESCRIPTION,HTTP_PATH,HTTP_METHOD,AS_MENU,MENU_ORDER,PARENT_MENU,ICON_FILE) values ('8B39944AC57B4805936A6233763EA33D','Y','mimin',to_timestamp('09-03-2011 21.15.47','DD-MM-RRRR HH24.MI.SSXFF'),'mimin',to_timestamp('09-03-2011 21.15.47','DD-MM-RRRR HH24.MI.SSXFF'),'User',null,'appUser/create','POST','N',1,'2e29940ddd734441982c5625d5391047',null);
Insert into APP_PERMISSION (ID,ACTIVE,CREATE_BY,CREATE_DATE,LAST_UPDATE_BY,LAST_UPDATE_DATE,NAME,DESCRIPTION,HTTP_PATH,HTTP_METHOD,AS_MENU,MENU_ORDER,PARENT_MENU,ICON_FILE) values ('B7126827D27143A2BB42DB1815CB4C17','Y','mimin',to_timestamp('09-03-2011 21.15.47','DD-MM-RRRR HH24.MI.SSXFF'),'mimin',to_timestamp('09-03-2011 21.15.47','DD-MM-RRRR HH24.MI.SSXFF'),'Role',null,'appRole/create','POST','N',2,'2e29940ddd734441982c5625d5391047',null);
Insert into APP_PERMISSION (ID,ACTIVE,CREATE_BY,CREATE_DATE,LAST_UPDATE_BY,LAST_UPDATE_DATE,NAME,DESCRIPTION,HTTP_PATH,HTTP_METHOD,AS_MENU,MENU_ORDER,PARENT_MENU,ICON_FILE) values ('2EDB5F1BC61E4A7FB682139C22AA3CF7','Y','mimin',to_timestamp('09-03-2011 21.15.47','DD-MM-RRRR HH24.MI.SSXFF'),'mimin',to_timestamp('09-03-2011 21.15.47','DD-MM-RRRR HH24.MI.SSXFF'),'Permission',null,'appPermission/create','POST','N',3,'2e29940ddd734441982c5625d5391047',null);
Insert into APP_PERMISSION (ID,ACTIVE,CREATE_BY,CREATE_DATE,LAST_UPDATE_BY,LAST_UPDATE_DATE,NAME,DESCRIPTION,HTTP_PATH,HTTP_METHOD,AS_MENU,MENU_ORDER,PARENT_MENU,ICON_FILE) values ('6F095DC1ACC943BCA66225AA3CFAA7E5','Y','mimin',to_timestamp('09-03-2011 21.15.47','DD-MM-RRRR HH24.MI.SSXFF'),'mimin',to_timestamp('09-03-2011 21.15.47','DD-MM-RRRR HH24.MI.SSXFF'),'Option',null,'appOption/create','POST','N',2,'2e29940ddd734441982c5625d5391047',null);
Insert into APP_PERMISSION (ID,ACTIVE,CREATE_BY,CREATE_DATE,LAST_UPDATE_BY,LAST_UPDATE_DATE,NAME,DESCRIPTION,HTTP_PATH,HTTP_METHOD,AS_MENU,MENU_ORDER,PARENT_MENU,ICON_FILE) values ('C3283CF172624981BB9F90E522DF576D','Y','mimin',to_timestamp('09-03-2011 21.15.47','DD-MM-RRRR HH24.MI.SSXFF'),'mimin',to_timestamp('09-03-2011 21.15.47','DD-MM-RRRR HH24.MI.SSXFF'),'Setting',null,'appSetting/create','POST','N',3,'2e29940ddd734441982c5625d5391047',null);
Insert into APP_PERMISSION (ID,ACTIVE,CREATE_BY,CREATE_DATE,LAST_UPDATE_BY,LAST_UPDATE_DATE,NAME,DESCRIPTION,HTTP_PATH,HTTP_METHOD,AS_MENU,MENU_ORDER,PARENT_MENU,ICON_FILE) values ('16BB2D2B40CB4BA5986484B080AC6C39','Y','mimin',to_timestamp('09-03-2011 21.15.47','DD-MM-RRRR HH24.MI.SSXFF'),'mimin',to_timestamp('09-03-2011 21.15.47','DD-MM-RRRR HH24.MI.SSXFF'),'User',null,'appUser/edit','GET','N',1,'2e29940ddd734441982c5625d5391047',null);
Insert into APP_PERMISSION (ID,ACTIVE,CREATE_BY,CREATE_DATE,LAST_UPDATE_BY,LAST_UPDATE_DATE,NAME,DESCRIPTION,HTTP_PATH,HTTP_METHOD,AS_MENU,MENU_ORDER,PARENT_MENU,ICON_FILE) values ('6356E46F250447D398D020C84CB5A0B8','Y','mimin',to_timestamp('09-03-2011 21.15.47','DD-MM-RRRR HH24.MI.SSXFF'),'mimin',to_timestamp('09-03-2011 21.15.47','DD-MM-RRRR HH24.MI.SSXFF'),'Role',null,'appRole/edit','GET','N',2,'2e29940ddd734441982c5625d5391047',null);

Insert into APP_ROLE_PERMISSION (APP_ROLE_ID,APP_PERMISSION_ID) values ('c6c2c31d117b4aae879b776349e116f5','022C4C55EFB44354AC7F17CBDF06039B');
Insert into APP_ROLE_PERMISSION (APP_ROLE_ID,APP_PERMISSION_ID) values ('c6c2c31d117b4aae879b776349e116f5','12A69D24808047C7A696DE769BD377C9');
Insert into APP_ROLE_PERMISSION (APP_ROLE_ID,APP_PERMISSION_ID) values ('c6c2c31d117b4aae879b776349e116f5','1415dc2385f34bb8a25bc3bc0f96b980');
Insert into APP_ROLE_PERMISSION (APP_ROLE_ID,APP_PERMISSION_ID) values ('c6c2c31d117b4aae879b776349e116f5','16BB2D2B40CB4BA5986484B080AC6C39');
Insert into APP_ROLE_PERMISSION (APP_ROLE_ID,APP_PERMISSION_ID) values ('c6c2c31d117b4aae879b776349e116f5','1A22CCCB45F8455FB088E5EFC11686F7');
Insert into APP_ROLE_PERMISSION (APP_ROLE_ID,APP_PERMISSION_ID) values ('c6c2c31d117b4aae879b776349e116f5','1C7CA68BECBC4B8381B48216425E9D94');
Insert into APP_ROLE_PERMISSION (APP_ROLE_ID,APP_PERMISSION_ID) values ('c6c2c31d117b4aae879b776349e116f5','1E4BB742EF47444193DC854DC512BEFD');
Insert into APP_ROLE_PERMISSION (APP_ROLE_ID,APP_PERMISSION_ID) values ('c6c2c31d117b4aae879b776349e116f5','248A23A15FAA40579B0B98763F26087D');
Insert into APP_ROLE_PERMISSION (APP_ROLE_ID,APP_PERMISSION_ID) values ('c6c2c31d117b4aae879b776349e116f5','2AA74BF0F6CF40C39811AA9E734E28E1');
Insert into APP_ROLE_PERMISSION (APP_ROLE_ID,APP_PERMISSION_ID) values ('c6c2c31d117b4aae879b776349e116f5','2B64067D983E4246AFE8CFE13B106D49');
Insert into APP_ROLE_PERMISSION (APP_ROLE_ID,APP_PERMISSION_ID) values ('c6c2c31d117b4aae879b776349e116f5','2EDB5F1BC61E4A7FB682139C22AA3CF7');
Insert into APP_ROLE_PERMISSION (APP_ROLE_ID,APP_PERMISSION_ID) values ('c6c2c31d117b4aae879b776349e116f5','2F7A6AF41B3D4022A77F74E657FB05C6');
Insert into APP_ROLE_PERMISSION (APP_ROLE_ID,APP_PERMISSION_ID) values ('c6c2c31d117b4aae879b776349e116f5','2e29940ddd734441982c5625d5391047');
Insert into APP_ROLE_PERMISSION (APP_ROLE_ID,APP_PERMISSION_ID) values ('c6c2c31d117b4aae879b776349e116f5','3101BC2A060F45429D7F5D0B0DEF02AD');
Insert into APP_ROLE_PERMISSION (APP_ROLE_ID,APP_PERMISSION_ID) values ('c6c2c31d117b4aae879b776349e116f5','3B0652CB8C6447C3BC67AC02A47461D6');
Insert into APP_ROLE_PERMISSION (APP_ROLE_ID,APP_PERMISSION_ID) values ('c6c2c31d117b4aae879b776349e116f5','4028e98d2e9a45e4012e9a479eb70000');
Insert into APP_ROLE_PERMISSION (APP_ROLE_ID,APP_PERMISSION_ID) values ('c6c2c31d117b4aae879b776349e116f5','4028e98d2e9a45e4012e9a480cc70001');
Insert into APP_ROLE_PERMISSION (APP_ROLE_ID,APP_PERMISSION_ID) values ('c6c2c31d117b4aae879b776349e116f5','4B15856B68A04D26B32D4902373F6776');
Insert into APP_ROLE_PERMISSION (APP_ROLE_ID,APP_PERMISSION_ID) values ('c6c2c31d117b4aae879b776349e116f5','4C078AD444E341D8A75FB0B07FA43BBA');
Insert into APP_ROLE_PERMISSION (APP_ROLE_ID,APP_PERMISSION_ID) values ('c6c2c31d117b4aae879b776349e116f5','50D3711D00404765A6572DCD1274020E');
Insert into APP_ROLE_PERMISSION (APP_ROLE_ID,APP_PERMISSION_ID) values ('c6c2c31d117b4aae879b776349e116f5','553E7C66B2854F37B61521ED2DE29E50');
Insert into APP_ROLE_PERMISSION (APP_ROLE_ID,APP_PERMISSION_ID) values ('c6c2c31d117b4aae879b776349e116f5','565df25d24d24551858e8b94417858c7');
Insert into APP_ROLE_PERMISSION (APP_ROLE_ID,APP_PERMISSION_ID) values ('c6c2c31d117b4aae879b776349e116f5','567E7F28DE904CF9A0C7AEA119110D45');
Insert into APP_ROLE_PERMISSION (APP_ROLE_ID,APP_PERMISSION_ID) values ('c6c2c31d117b4aae879b776349e116f5','5D29FBB23BCC46FFA8456DD7F87C8F75');
Insert into APP_ROLE_PERMISSION (APP_ROLE_ID,APP_PERMISSION_ID) values ('c6c2c31d117b4aae879b776349e116f5','6182CECF589741DA80D1B836EAD95109');
Insert into APP_ROLE_PERMISSION (APP_ROLE_ID,APP_PERMISSION_ID) values ('c6c2c31d117b4aae879b776349e116f5','6356E46F250447D398D020C84CB5A0B8');
Insert into APP_ROLE_PERMISSION (APP_ROLE_ID,APP_PERMISSION_ID) values ('c6c2c31d117b4aae879b776349e116f5','6F095DC1ACC943BCA66225AA3CFAA7E5');
Insert into APP_ROLE_PERMISSION (APP_ROLE_ID,APP_PERMISSION_ID) values ('c6c2c31d117b4aae879b776349e116f5','797B00A58AF245E4906AA5DDB31C5B41');
Insert into APP_ROLE_PERMISSION (APP_ROLE_ID,APP_PERMISSION_ID) values ('c6c2c31d117b4aae879b776349e116f5','8142FAF86ACF46B2877E43CC14D94074');
Insert into APP_ROLE_PERMISSION (APP_ROLE_ID,APP_PERMISSION_ID) values ('c6c2c31d117b4aae879b776349e116f5','86DEE222EA22485287651C64BE98E614');
Insert into APP_ROLE_PERMISSION (APP_ROLE_ID,APP_PERMISSION_ID) values ('c6c2c31d117b4aae879b776349e116f5','8B39944AC57B4805936A6233763EA33D');
Insert into APP_ROLE_PERMISSION (APP_ROLE_ID,APP_PERMISSION_ID) values ('c6c2c31d117b4aae879b776349e116f5','B07CC2605E1D4788875B35194CFE3F9F');
Insert into APP_ROLE_PERMISSION (APP_ROLE_ID,APP_PERMISSION_ID) values ('c6c2c31d117b4aae879b776349e116f5','B7126827D27143A2BB42DB1815CB4C17');
Insert into APP_ROLE_PERMISSION (APP_ROLE_ID,APP_PERMISSION_ID) values ('c6c2c31d117b4aae879b776349e116f5','C1287B8DB1894DADA3131009765310C8');
Insert into APP_ROLE_PERMISSION (APP_ROLE_ID,APP_PERMISSION_ID) values ('c6c2c31d117b4aae879b776349e116f5','C3283CF172624981BB9F90E522DF576D');
Insert into APP_ROLE_PERMISSION (APP_ROLE_ID,APP_PERMISSION_ID) values ('c6c2c31d117b4aae879b776349e116f5','C3ED40778A5647198C9ABB05CEE47D1C');
Insert into APP_ROLE_PERMISSION (APP_ROLE_ID,APP_PERMISSION_ID) values ('c6c2c31d117b4aae879b776349e116f5','D54EE48F2D394ED4B87ED8DC16D8C0F2');
Insert into APP_ROLE_PERMISSION (APP_ROLE_ID,APP_PERMISSION_ID) values ('c6c2c31d117b4aae879b776349e116f5','D60D3AE31A5E4603B757BFE05D01F2BB');
Insert into APP_ROLE_PERMISSION (APP_ROLE_ID,APP_PERMISSION_ID) values ('c6c2c31d117b4aae879b776349e116f5','ED24BA86C56E44D69A958600FDE7A523');
Insert into APP_ROLE_PERMISSION (APP_ROLE_ID,APP_PERMISSION_ID) values ('c6c2c31d117b4aae879b776349e116f5','EF7F8F076F394231829D8DE44CD8E2E7');
Insert into APP_ROLE_PERMISSION (APP_ROLE_ID,APP_PERMISSION_ID) values ('c6c2c31d117b4aae879b776349e116f5','F7D716CE30244D2586F22A8FB6E42896');
Insert into APP_ROLE_PERMISSION (APP_ROLE_ID,APP_PERMISSION_ID) values ('c6c2c31d117b4aae879b776349e116f5','a97d938bf89a4e7b841ec30241f49077');

Insert into APP_OPTION (ID,CREATE_BY,CREATE_DATE,LAST_UPDATE_BY,LAST_UPDATE_DATE,OPTION_CATEGORY,NAME,ACTIVE) values ('6FF11123090345659A6DFD8C8C8652F3','mimin',to_timestamp('09-03-2011 15.05.51,905000000','DD-MM-RRRR HH24.MI.SS,FF'),'mimin',to_timestamp('09-03-2011 15.05.51,905000000','DD-MM-RRRR HH24.MI.SS,FF'),'http_method','GET','Y');
Insert into APP_OPTION (ID,CREATE_BY,CREATE_DATE,LAST_UPDATE_BY,LAST_UPDATE_DATE,OPTION_CATEGORY,NAME,ACTIVE) values ('108D44D4840D41B68939998C68A7C054','mimin',to_timestamp('09-03-2011 15.05.51,945000000','DD-MM-RRRR HH24.MI.SS,FF'),'mimin',to_timestamp('13-03-2011 15.45.30,322000000','DD-MM-RRRR HH24.MI.SS,FF'),'http_method','POST','Y');

Insert into APP_SETTING (ID,ACTIVE,CREATE_BY,CREATE_DATE,LAST_UPDATE_BY,LAST_UPDATE_DATE,CODE,SETTING_CATEGORY,STRING_VALUE,DESCRIPTION) values (SYS_GUID(),'Y','admin',SYSTIMESTAMP,'admin',SYSTIMESTAMP,'activity.stream.size',null,'30',null);
Insert into APP_SETTING (ID,ACTIVE,CREATE_BY,CREATE_DATE,LAST_UPDATE_BY,LAST_UPDATE_DATE,CODE,SETTING_CATEGORY,STRING_VALUE,DESCRIPTION) values (SYS_GUID(),'Y','admin',SYSTIMESTAMP,'admin',SYSTIMESTAMP,'filePicture.extensions',null,'jpg,jpeg,gif,png,bmp',null);
