Insert into APP_USER (ID,ACTIVE,CREATE_BY,CREATE_DATE,LAST_UPDATE_BY,LAST_UPDATE_DATE,USERNAME,PASSWORD,DISPLAY_LANG,LAST_LOGIN,LAST_LOGIN_FROM) values ('eec5f679d2b144d1a95322c2cd39f14d','Y','admin',SYSTIMESTAMP,'admin',SYSTIMESTAMP,'admin','804307f829e4d68cf9666dc8bf17dcd94ba76600','en',SYSTIMESTAMP,'127.0.0.1');

Insert into APP_ROLE (ID,ACTIVE,CREATE_BY,CREATE_DATE,LAST_UPDATE_BY,LAST_UPDATE_DATE,NAME,DESCRIPTION) values ('c6c2c31d117b4aae879b776349e116f5','Y','admin',SYSTIMESTAMP,'admin',SYSTIMESTAMP,'admin','administrator');
Insert into APP_ROLE (ID,ACTIVE,CREATE_BY,CREATE_DATE,LAST_UPDATE_BY,LAST_UPDATE_DATE,NAME,DESCRIPTION) values ('4028e90d3ecb9c0e013ecbad65590004','Y','admin',SYSTIMESTAMP,'admin',SYSTIMESTAMP,'staff','');
Insert into APP_ROLE (ID,ACTIVE,CREATE_BY,CREATE_DATE,LAST_UPDATE_BY,LAST_UPDATE_DATE,NAME,DESCRIPTION) values ('4028e90d3ed10334013ed11fcacb0008','Y','admin',SYSTIMESTAMP,'admin',SYSTIMESTAMP,'manager','');
Insert into APP_ROLE (ID,ACTIVE,CREATE_BY,CREATE_DATE,LAST_UPDATE_BY,LAST_UPDATE_DATE,NAME,DESCRIPTION) values ('4028e90d3ed10334013ed12057510009','Y','admin',SYSTIMESTAMP,'admin',SYSTIMESTAMP,'hrd','');

Insert into APP_USER_ROLE (APP_USER_ID,APP_ROLE_ID) values ('eec5f679d2b144d1a95322c2cd39f14d','c6c2c31d117b4aae879b776349e116f5');

INSERT INTO app_permission (id, active, create_by, create_date, last_update_by, last_update_date, name, description, http_path, http_method, parent_menu, icon_file, as_menu, menu_order) VALUES ('4028e90d3ec0dae0013ec0dc6e300003', 'Y', 'admin', SYSTIMESTAMP, 'admin', SYSTIMESTAMP, 'Project Create Post', '', 'project/create', 'POST', '4028e9b53eb2839f013eb28501630000', NULL, 'N', 0);
INSERT INTO app_permission (id, active, create_by, create_date, last_update_by, last_update_date, name, description, http_path, http_method, parent_menu, icon_file, as_menu, menu_order) VALUES ('4028e90d3ec2240e013ec22482b90000', 'Y', 'admin', SYSTIMESTAMP, 'admin', SYSTIMESTAMP, 'Activity Post', NULL, 'activity/post', 'POST', '4028e9b53eb2839f013eb28501630000', NULL, 'N', 0);
INSERT INTO app_permission (id, active, create_by, create_date, last_update_by, last_update_date, name, description, http_path, http_method, parent_menu, icon_file, as_menu, menu_order) VALUES ('567E7F28DE904CF9A0C7AEA119110D45', 'Y', 'mimin', SYSTIMESTAMP, 'mimin', SYSTIMESTAMP, 'Permission', NULL, 'appPermission/edit', 'GET', '2e29940ddd734441982c5625d5391047', NULL, 'N', 3);
INSERT INTO app_permission (id, active, create_by, create_date, last_update_by, last_update_date, name, description, http_path, http_method, parent_menu, icon_file, as_menu, menu_order) VALUES ('C3ED40778A5647198C9ABB05CEE47D1C', 'Y', 'mimin', SYSTIMESTAMP, 'mimin', SYSTIMESTAMP, 'Option', NULL, 'appOption/edit', 'GET', '2e29940ddd734441982c5625d5391047', NULL, 'N', 2);
INSERT INTO app_permission (id, active, create_by, create_date, last_update_by, last_update_date, name, description, http_path, http_method, parent_menu, icon_file, as_menu, menu_order) VALUES ('2AA74BF0F6CF40C39811AA9E734E28E1', 'Y', 'mimin', SYSTIMESTAMP, 'mimin', SYSTIMESTAMP, 'Setting', NULL, 'appSetting/edit', 'GET', '2e29940ddd734441982c5625d5391047', NULL, 'N', 3);
INSERT INTO app_permission (id, active, create_by, create_date, last_update_by, last_update_date, name, description, http_path, http_method, parent_menu, icon_file, as_menu, menu_order) VALUES ('2F7A6AF41B3D4022A77F74E657FB05C6', 'Y', 'mimin', SYSTIMESTAMP, 'mimin', SYSTIMESTAMP, 'User', NULL, 'appUser/edit', 'POST', '2e29940ddd734441982c5625d5391047', NULL, 'N', 1);
INSERT INTO app_permission (id, active, create_by, create_date, last_update_by, last_update_date, name, description, http_path, http_method, parent_menu, icon_file, as_menu, menu_order) VALUES ('6182CECF589741DA80D1B836EAD95109', 'Y', 'mimin', SYSTIMESTAMP, 'mimin', SYSTIMESTAMP, 'Role', NULL, 'appRole/edit', 'POST', '2e29940ddd734441982c5625d5391047', NULL, 'N', 2);
INSERT INTO app_permission (id, active, create_by, create_date, last_update_by, last_update_date, name, description, http_path, http_method, parent_menu, icon_file, as_menu, menu_order) VALUES ('248A23A15FAA40579B0B98763F26087D', 'Y', 'mimin', SYSTIMESTAMP, 'mimin', SYSTIMESTAMP, 'Permission', NULL, 'appPermission/edit', 'POST', '2e29940ddd734441982c5625d5391047', NULL, 'N', 3);
INSERT INTO app_permission (id, active, create_by, create_date, last_update_by, last_update_date, name, description, http_path, http_method, parent_menu, icon_file, as_menu, menu_order) VALUES ('3B0652CB8C6447C3BC67AC02A47461D6', 'Y', 'mimin', SYSTIMESTAMP, 'mimin', SYSTIMESTAMP, 'Option', NULL, 'appOption/edit', 'POST', '2e29940ddd734441982c5625d5391047', NULL, 'N', 2);
INSERT INTO app_permission (id, active, create_by, create_date, last_update_by, last_update_date, name, description, http_path, http_method, parent_menu, icon_file, as_menu, menu_order) VALUES ('1A22CCCB45F8455FB088E5EFC11686F7', 'Y', 'mimin', SYSTIMESTAMP, 'mimin', SYSTIMESTAMP, 'Setting', NULL, 'appSetting/edit', 'POST', '2e29940ddd734441982c5625d5391047', NULL, 'N', 3);
INSERT INTO app_permission (id, active, create_by, create_date, last_update_by, last_update_date, name, description, http_path, http_method, parent_menu, icon_file, as_menu, menu_order) VALUES ('4028e98d2e9a45e4012e9a480cc70001', 'Y', 'mimin', SYSTIMESTAMP, 'mimin', SYSTIMESTAMP, 'Setting', NULL, 'appSetting/list', 'GET', '2e29940ddd734441982c5625d5391047', NULL, 'Y', 5);
INSERT INTO app_permission (id, active, create_by, create_date, last_update_by, last_update_date, name, description, http_path, http_method, parent_menu, icon_file, as_menu, menu_order) VALUES ('4B15856B68A04D26B32D4902373F6776', 'Y', 'mimin', SYSTIMESTAMP, 'mimin', SYSTIMESTAMP, 'User Reset Password', NULL, 'appUser/resetPassword', 'GET', '2e29940ddd734441982c5625d5391047', NULL, 'N', 1);
INSERT INTO app_permission (id, active, create_by, create_date, last_update_by, last_update_date, name, description, http_path, http_method, parent_menu, icon_file, as_menu, menu_order) VALUES ('4028e98d2e9a45e4012e9a479eb70000', 'Y', 'mimin', SYSTIMESTAMP, 'mimin', SYSTIMESTAMP, 'Option', NULL, 'appOption/list', 'GET', '2e29940ddd734441982c5625d5391047', NULL, 'Y', 4);
INSERT INTO app_permission (id, active, create_by, create_date, last_update_by, last_update_date, name, description, http_path, http_method, parent_menu, icon_file, as_menu, menu_order) VALUES ('2e29940ddd734441982c5625d5391047', 'Y', 'mimin', SYSTIMESTAMP, 'mimin', SYSTIMESTAMP, 'Application', NULL, '#', 'GET', NULL, NULL, 'Y', 1);
INSERT INTO app_permission (id, active, create_by, create_date, last_update_by, last_update_date, name, description, http_path, http_method, parent_menu, icon_file, as_menu, menu_order) VALUES ('565df25d24d24551858e8b94417858c7', 'Y', 'mimin', SYSTIMESTAMP, 'mimin', SYSTIMESTAMP, 'User', NULL, 'appUser/list', 'GET', '2e29940ddd734441982c5625d5391047', NULL, 'Y', 1);
INSERT INTO app_permission (id, active, create_by, create_date, last_update_by, last_update_date, name, description, http_path, http_method, parent_menu, icon_file, as_menu, menu_order) VALUES ('a97d938bf89a4e7b841ec30241f49077', 'Y', 'mimin', SYSTIMESTAMP, 'mimin', SYSTIMESTAMP, 'Role', NULL, 'appRole/list', 'GET', '2e29940ddd734441982c5625d5391047', NULL, 'Y', 2);
INSERT INTO app_permission (id, active, create_by, create_date, last_update_by, last_update_date, name, description, http_path, http_method, parent_menu, icon_file, as_menu, menu_order) VALUES ('1415dc2385f34bb8a25bc3bc0f96b980', 'Y', 'mimin', SYSTIMESTAMP, 'mimin', SYSTIMESTAMP, 'Permission', NULL, 'appPermission/list', 'GET', '2e29940ddd734441982c5625d5391047', NULL, 'Y', 3);
INSERT INTO app_permission (id, active, create_by, create_date, last_update_by, last_update_date, name, description, http_path, http_method, parent_menu, icon_file, as_menu, menu_order) VALUES ('797B00A58AF245E4906AA5DDB31C5B41', 'Y', 'mimin', SYSTIMESTAMP, 'mimin', SYSTIMESTAMP, 'User', NULL, 'appUser/listAjax', 'GET', '2e29940ddd734441982c5625d5391047', NULL, 'N', 1);
INSERT INTO app_permission (id, active, create_by, create_date, last_update_by, last_update_date, name, description, http_path, http_method, parent_menu, icon_file, as_menu, menu_order) VALUES ('B07CC2605E1D4788875B35194CFE3F9F', 'Y', 'mimin', SYSTIMESTAMP, 'mimin', SYSTIMESTAMP, 'Role', NULL, 'appRole/listAjax', 'GET', '2e29940ddd734441982c5625d5391047', NULL, 'N', 2);
INSERT INTO app_permission (id, active, create_by, create_date, last_update_by, last_update_date, name, description, http_path, http_method, parent_menu, icon_file, as_menu, menu_order) VALUES ('F7D716CE30244D2586F22A8FB6E42896', 'Y', 'mimin', SYSTIMESTAMP, 'mimin', SYSTIMESTAMP, 'Permission', NULL, 'appPermission/listAjax', 'GET', '2e29940ddd734441982c5625d5391047', NULL, 'N', 3);
INSERT INTO app_permission (id, active, create_by, create_date, last_update_by, last_update_date, name, description, http_path, http_method, parent_menu, icon_file, as_menu, menu_order) VALUES ('1C7CA68BECBC4B8381B48216425E9D94', 'Y', 'mimin', SYSTIMESTAMP, 'mimin', SYSTIMESTAMP, 'Option', NULL, 'appOption/listAjax', 'GET', '2e29940ddd734441982c5625d5391047', NULL, 'N', 2);
INSERT INTO app_permission (id, active, create_by, create_date, last_update_by, last_update_date, name, description, http_path, http_method, parent_menu, icon_file, as_menu, menu_order) VALUES ('50D3711D00404765A6572DCD1274020E', 'Y', 'mimin', SYSTIMESTAMP, 'mimin', SYSTIMESTAMP, 'Setting', NULL, 'appSetting/listAjax', 'GET', '2e29940ddd734441982c5625d5391047', NULL, 'N', 3);
INSERT INTO app_permission (id, active, create_by, create_date, last_update_by, last_update_date, name, description, http_path, http_method, parent_menu, icon_file, as_menu, menu_order) VALUES ('1E4BB742EF47444193DC854DC512BEFD', 'Y', 'mimin', SYSTIMESTAMP, 'mimin', SYSTIMESTAMP, 'User', NULL, 'appUser/detail', 'GET', '2e29940ddd734441982c5625d5391047', NULL, 'N', 1);
INSERT INTO app_permission (id, active, create_by, create_date, last_update_by, last_update_date, name, description, http_path, http_method, parent_menu, icon_file, as_menu, menu_order) VALUES ('D54EE48F2D394ED4B87ED8DC16D8C0F2', 'Y', 'mimin', SYSTIMESTAMP, 'mimin', SYSTIMESTAMP, 'Role', NULL, 'appRole/detail', 'GET', '2e29940ddd734441982c5625d5391047', NULL, 'N', 2);
INSERT INTO app_permission (id, active, create_by, create_date, last_update_by, last_update_date, name, description, http_path, http_method, parent_menu, icon_file, as_menu, menu_order) VALUES ('EF7F8F076F394231829D8DE44CD8E2E7', 'Y', 'mimin', SYSTIMESTAMP, 'mimin', SYSTIMESTAMP, 'Permission', NULL, 'appPermission/detail', 'GET', '2e29940ddd734441982c5625d5391047', NULL, 'N', 3);
INSERT INTO app_permission (id, active, create_by, create_date, last_update_by, last_update_date, name, description, http_path, http_method, parent_menu, icon_file, as_menu, menu_order) VALUES ('2B64067D983E4246AFE8CFE13B106D49', 'Y', 'mimin', SYSTIMESTAMP, 'mimin', SYSTIMESTAMP, 'Option', NULL, 'appOption/detail', 'GET', '2e29940ddd734441982c5625d5391047', NULL, 'N', 2);
INSERT INTO app_permission (id, active, create_by, create_date, last_update_by, last_update_date, name, description, http_path, http_method, parent_menu, icon_file, as_menu, menu_order) VALUES ('8142FAF86ACF46B2877E43CC14D94074', 'Y', 'mimin', SYSTIMESTAMP, 'mimin', SYSTIMESTAMP, 'Setting', NULL, 'appSetting/detail', 'GET', '2e29940ddd734441982c5625d5391047', NULL, 'N', 3);
INSERT INTO app_permission (id, active, create_by, create_date, last_update_by, last_update_date, name, description, http_path, http_method, parent_menu, icon_file, as_menu, menu_order) VALUES ('12A69D24808047C7A696DE769BD377C9', 'Y', 'mimin', SYSTIMESTAMP, 'mimin', SYSTIMESTAMP, 'User', NULL, 'appUser/delete', 'GET', '2e29940ddd734441982c5625d5391047', NULL, 'N', 1);
INSERT INTO app_permission (id, active, create_by, create_date, last_update_by, last_update_date, name, description, http_path, http_method, parent_menu, icon_file, as_menu, menu_order) VALUES ('5D29FBB23BCC46FFA8456DD7F87C8F75', 'Y', 'mimin', SYSTIMESTAMP, 'mimin', SYSTIMESTAMP, 'Role', NULL, 'appRole/delete', 'GET', '2e29940ddd734441982c5625d5391047', NULL, 'N', 2);
INSERT INTO app_permission (id, active, create_by, create_date, last_update_by, last_update_date, name, description, http_path, http_method, parent_menu, icon_file, as_menu, menu_order) VALUES ('86DEE222EA22485287651C64BE98E614', 'Y', 'mimin', SYSTIMESTAMP, 'mimin', SYSTIMESTAMP, 'Permission', NULL, 'appPermission/delete', 'GET', '2e29940ddd734441982c5625d5391047', NULL, 'N', 3);
INSERT INTO app_permission (id, active, create_by, create_date, last_update_by, last_update_date, name, description, http_path, http_method, parent_menu, icon_file, as_menu, menu_order) VALUES ('3101BC2A060F45429D7F5D0B0DEF02AD', 'Y', 'mimin', SYSTIMESTAMP, 'mimin', SYSTIMESTAMP, 'Option', NULL, 'appOption/delete', 'GET', '2e29940ddd734441982c5625d5391047', NULL, 'N', 2);
INSERT INTO app_permission (id, active, create_by, create_date, last_update_by, last_update_date, name, description, http_path, http_method, parent_menu, icon_file, as_menu, menu_order) VALUES ('4C078AD444E341D8A75FB0B07FA43BBA', 'Y', 'mimin', SYSTIMESTAMP, 'mimin', SYSTIMESTAMP, 'Setting', NULL, 'appSetting/delete', 'GET', '2e29940ddd734441982c5625d5391047', NULL, 'N', 3);
INSERT INTO app_permission (id, active, create_by, create_date, last_update_by, last_update_date, name, description, http_path, http_method, parent_menu, icon_file, as_menu, menu_order) VALUES ('D60D3AE31A5E4603B757BFE05D01F2BB', 'Y', 'mimin', SYSTIMESTAMP, 'mimin', SYSTIMESTAMP, 'User', NULL, 'appUser/create', 'GET', '2e29940ddd734441982c5625d5391047', NULL, 'N', 1);
INSERT INTO app_permission (id, active, create_by, create_date, last_update_by, last_update_date, name, description, http_path, http_method, parent_menu, icon_file, as_menu, menu_order) VALUES ('ED24BA86C56E44D69A958600FDE7A523', 'Y', 'mimin', SYSTIMESTAMP, 'mimin', SYSTIMESTAMP, 'Role', NULL, 'appRole/create', 'GET', '2e29940ddd734441982c5625d5391047', NULL, 'N', 2);
INSERT INTO app_permission (id, active, create_by, create_date, last_update_by, last_update_date, name, description, http_path, http_method, parent_menu, icon_file, as_menu, menu_order) VALUES ('553E7C66B2854F37B61521ED2DE29E50', 'Y', 'mimin', SYSTIMESTAMP, 'mimin', SYSTIMESTAMP, 'Permission', NULL, 'appPermission/create', 'GET', '2e29940ddd734441982c5625d5391047', NULL, 'N', 3);
INSERT INTO app_permission (id, active, create_by, create_date, last_update_by, last_update_date, name, description, http_path, http_method, parent_menu, icon_file, as_menu, menu_order) VALUES ('C1287B8DB1894DADA3131009765310C8', 'Y', 'mimin', SYSTIMESTAMP, 'mimin', SYSTIMESTAMP, 'Option', NULL, 'appOption/create', 'GET', '2e29940ddd734441982c5625d5391047', NULL, 'N', 2);
INSERT INTO app_permission (id, active, create_by, create_date, last_update_by, last_update_date, name, description, http_path, http_method, parent_menu, icon_file, as_menu, menu_order) VALUES ('022C4C55EFB44354AC7F17CBDF06039B', 'Y', 'mimin', SYSTIMESTAMP, 'mimin', SYSTIMESTAMP, 'Setting', NULL, 'appSetting/create', 'GET', '2e29940ddd734441982c5625d5391047', NULL, 'N', 3);
INSERT INTO app_permission (id, active, create_by, create_date, last_update_by, last_update_date, name, description, http_path, http_method, parent_menu, icon_file, as_menu, menu_order) VALUES ('8B39944AC57B4805936A6233763EA33D', 'Y', 'mimin', SYSTIMESTAMP, 'mimin', SYSTIMESTAMP, 'User', NULL, 'appUser/create', 'POST', '2e29940ddd734441982c5625d5391047', NULL, 'N', 1);
INSERT INTO app_permission (id, active, create_by, create_date, last_update_by, last_update_date, name, description, http_path, http_method, parent_menu, icon_file, as_menu, menu_order) VALUES ('B7126827D27143A2BB42DB1815CB4C17', 'Y', 'mimin', SYSTIMESTAMP, 'mimin', SYSTIMESTAMP, 'Role', NULL, 'appRole/create', 'POST', '2e29940ddd734441982c5625d5391047', NULL, 'N', 2);
INSERT INTO app_permission (id, active, create_by, create_date, last_update_by, last_update_date, name, description, http_path, http_method, parent_menu, icon_file, as_menu, menu_order) VALUES ('2EDB5F1BC61E4A7FB682139C22AA3CF7', 'Y', 'mimin', SYSTIMESTAMP, 'mimin', SYSTIMESTAMP, 'Permission', NULL, 'appPermission/create', 'POST', '2e29940ddd734441982c5625d5391047', NULL, 'N', 3);
INSERT INTO app_permission (id, active, create_by, create_date, last_update_by, last_update_date, name, description, http_path, http_method, parent_menu, icon_file, as_menu, menu_order) VALUES ('6F095DC1ACC943BCA66225AA3CFAA7E5', 'Y', 'mimin', SYSTIMESTAMP, 'mimin', SYSTIMESTAMP, 'Option', NULL, 'appOption/create', 'POST', '2e29940ddd734441982c5625d5391047', NULL, 'N', 2);
INSERT INTO app_permission (id, active, create_by, create_date, last_update_by, last_update_date, name, description, http_path, http_method, parent_menu, icon_file, as_menu, menu_order) VALUES ('4028e90d3ecb4ec8013ecb669db00001', 'N', 'admin', SYSTIMESTAMP, 'admin', SYSTIMESTAMP, 'Activity Stream Project', '', 'activity/stream/project', 'GET', '4028e9b53eb2839f013eb28501630000', NULL, 'N', 0);
INSERT INTO app_permission (id, active, create_by, create_date, last_update_by, last_update_date, name, description, http_path, http_method, parent_menu, icon_file, as_menu, menu_order) VALUES ('4028e9b53eb2839f013eb289145b000a', 'Y', 'admin', SYSTIMESTAMP, 'admin', SYSTIMESTAMP, 'Adapter List Ajax', '', 'qifAdapter/listAjax', 'GET', '4028e9b53eb2839f013eb28501630000', NULL, 'N', 0);
INSERT INTO app_permission (id, active, create_by, create_date, last_update_by, last_update_date, name, description, http_path, http_method, parent_menu, icon_file, as_menu, menu_order) VALUES ('4028e9b53eb2839f013eb288cf760009', 'Y', 'admin', SYSTIMESTAMP, 'admin', SYSTIMESTAMP, 'Adapter', '', 'qifAdapter/list', 'GET', '4028e9b53eb2839f013eb28501630000', NULL, 'Y', 2);
INSERT INTO app_permission (id, active, create_by, create_date, last_update_by, last_update_date, name, description, http_path, http_method, parent_menu, icon_file, as_menu, menu_order) VALUES ('C3283CF172624981BB9F90E522DF576D', 'Y', 'mimin', SYSTIMESTAMP, 'mimin', SYSTIMESTAMP, 'Setting', NULL, 'appSetting/create', 'POST', '2e29940ddd734441982c5625d5391047', NULL, 'N', 3);
INSERT INTO app_permission (id, active, create_by, create_date, last_update_by, last_update_date, name, description, http_path, http_method, parent_menu, icon_file, as_menu, menu_order) VALUES ('16BB2D2B40CB4BA5986484B080AC6C39', 'Y', 'mimin', SYSTIMESTAMP, 'mimin', SYSTIMESTAMP, 'User', NULL, 'appUser/edit', 'GET', '2e29940ddd734441982c5625d5391047', NULL, 'N', 1);
INSERT INTO app_permission (id, active, create_by, create_date, last_update_by, last_update_date, name, description, http_path, http_method, parent_menu, icon_file, as_menu, menu_order) VALUES ('6356E46F250447D398D020C84CB5A0B8', 'Y', 'mimin', SYSTIMESTAMP, 'mimin', SYSTIMESTAMP, 'Role', NULL, 'appRole/edit', 'GET', '2e29940ddd734441982c5625d5391047', NULL, 'N', 2);
INSERT INTO app_permission (id, active, create_by, create_date, last_update_by, last_update_date, name, description, http_path, http_method, parent_menu, icon_file, as_menu, menu_order) VALUES ('4028e90d3ec0dae0013ec0db52a10000', 'Y', 'admin', SYSTIMESTAMP, 'admin', SYSTIMESTAMP, 'Project List', '', 'project/list', 'GET', '4028e9b53eb2839f013eb28501630000', NULL, 'Y', 3);
INSERT INTO app_permission (id, active, create_by, create_date, last_update_by, last_update_date, name, description, http_path, http_method, parent_menu, icon_file, as_menu, menu_order) VALUES ('4028e90d3ec0dae0013ec0dbbcc70001', 'Y', 'admin', SYSTIMESTAMP, 'admin', SYSTIMESTAMP, 'Project List Ajax', '', 'project/listAjax', 'GET', '4028e9b53eb2839f013eb28501630000', NULL, 'N', 0);
INSERT INTO app_permission (id, active, create_by, create_date, last_update_by, last_update_date, name, description, http_path, http_method, parent_menu, icon_file, as_menu, menu_order) VALUES ('4028e90d3ec0dae0013ec0dca1910004', 'Y', 'admin', SYSTIMESTAMP, 'admin', SYSTIMESTAMP, 'Project Edit', '', 'project/edit', 'GET', '4028e9b53eb2839f013eb28501630000', NULL, 'N', 0);
INSERT INTO app_permission (id, active, create_by, create_date, last_update_by, last_update_date, name, description, http_path, http_method, parent_menu, icon_file, as_menu, menu_order) VALUES ('4028e90d3ec0dae0013ec0dcd2760005', 'Y', 'admin', SYSTIMESTAMP, 'admin', SYSTIMESTAMP, 'Project Edit Post', '', 'project/edit', 'POST', '4028e9b53eb2839f013eb28501630000', NULL, 'N', 0);
INSERT INTO app_permission (id, active, create_by, create_date, last_update_by, last_update_date, name, description, http_path, http_method, parent_menu, icon_file, as_menu, menu_order) VALUES ('4028e90d3ec0dae0013ec0dd0f2d0006', 'Y', 'admin', SYSTIMESTAMP, 'admin', SYSTIMESTAMP, 'Project Detail', '', 'project/detail', 'GET', '4028e9b53eb2839f013eb28501630000', NULL, 'N', 0);
INSERT INTO app_permission (id, active, create_by, create_date, last_update_by, last_update_date, name, description, http_path, http_method, parent_menu, icon_file, as_menu, menu_order) VALUES ('4028e90d3ec0dae0013ec0dd41190007', 'Y', 'admin', SYSTIMESTAMP, 'admin', SYSTIMESTAMP, 'Project Delete', '', 'project/delete', 'GET', '4028e9b53eb2839f013eb28501630000', NULL, 'N', 0);
INSERT INTO app_permission (id, active, create_by, create_date, last_update_by, last_update_date, name, description, http_path, http_method, parent_menu, icon_file, as_menu, menu_order) VALUES ('4028e90d3ecb4ec8013ecb66413a0000', 'Y', 'admin', SYSTIMESTAMP, 'admin', SYSTIMESTAMP, 'Activity Stream Main', '', 'activity/stream/main', 'GET', '4028e9b53eb2839f013eb28501630000', NULL, 'N', 0);
INSERT INTO app_permission (id, active, create_by, create_date, last_update_by, last_update_date, name, description, http_path, http_method, parent_menu, icon_file, as_menu, menu_order) VALUES ('4028e90d3ec0dae0013ec0dc1fb00002', 'Y', 'admin', SYSTIMESTAMP, 'admin', SYSTIMESTAMP, 'Project Create', '', 'project/create', 'GET', '4028e9b53eb2839f013eb28501630000', NULL, 'N', 0);
INSERT INTO app_permission (id, active, create_by, create_date, last_update_by, last_update_date, name, description, http_path, http_method, parent_menu, icon_file, as_menu, menu_order) VALUES ('4028e90d3eccd9d3013eccda247f0000', 'Y', 'admin', SYSTIMESTAMP, 'admin', SYSTIMESTAMP, 'Project Home', '', 'project/home', 'GET', '4028e9b53eb2839f013eb28501630000', NULL, 'N', 0);
INSERT INTO app_permission (id, active, create_by, create_date, last_update_by, last_update_date, name, description, http_path, http_method, parent_menu, icon_file, as_menu, menu_order) VALUES ('4028e9b53eb2839f013eb2860c070001', 'Y', 'admin', SYSTIMESTAMP, 'admin', SYSTIMESTAMP, 'Event', '', 'qifEvent/list', 'GET', '4028e9b53eb2839f013eb28501630000', NULL, 'Y', 1);
INSERT INTO app_permission (id, active, create_by, create_date, last_update_by, last_update_date, name, description, http_path, http_method, parent_menu, icon_file, as_menu, menu_order) VALUES ('0000000046ec2a300146ec2a87c70000', 'N', 'admin', SYSTIMESTAMP, 'admin', SYSTIMESTAMP, 'test', 'rte2', 'test', 'GET', '4028e98d2e9a45e4012e9a479eb70000', NULL, 'N', 4);
INSERT INTO app_permission (id, active, create_by, create_date, last_update_by, last_update_date, name, description, http_path, http_method, parent_menu, icon_file, as_menu, menu_order) VALUES ('4028e9b53eb2839f013eb28501630000', 'Y', 'admin', SYSTIMESTAMP, 'admin', SYSTIMESTAMP, 'Configuration', '', '#', 'GET', NULL, NULL, 'Y', 2);
INSERT INTO app_permission (id, active, create_by, create_date, last_update_by, last_update_date, name, description, http_path, http_method, parent_menu, icon_file, as_menu, menu_order) VALUES ('4028e9b53eb2839f013eb2866cb60002', 'Y', 'admin', SYSTIMESTAMP, 'admin', SYSTIMESTAMP, 'Event List Ajax', '', 'qifEvent/listAjax', 'GET', '4028e9b53eb2839f013eb28501630000', NULL, 'N', 0);
INSERT INTO app_permission (id, active, create_by, create_date, last_update_by, last_update_date, name, description, http_path, http_method, parent_menu, icon_file, as_menu, menu_order) VALUES ('4028e90d3ecb4ec8013ecb66e9d20002', 'N', 'admin', SYSTIMESTAMP, 'admin', SYSTIMESTAMP, 'Activity Stream Event', '', 'activity/stream/event', 'GET', '4028e9b53eb2839f013eb28501630000', NULL, 'N', 0);
INSERT INTO app_permission (id, active, create_by, create_date, last_update_by, last_update_date, name, description, http_path, http_method, parent_menu, icon_file, as_menu, menu_order) VALUES ('4028e90d3eccd9d3013eccdab4430002', 'N', 'admin', SYSTIMESTAMP, 'admin', SYSTIMESTAMP, 'Event Home', '', 'event/home', 'GET', '4028e9b53eb2839f013eb28501630000', NULL, 'N', 0);
INSERT INTO app_permission (id, active, create_by, create_date, last_update_by, last_update_date, name, description, http_path, http_method, parent_menu, icon_file, as_menu, menu_order) VALUES ('000000004714fcad014714fd0bef0000', 'Y', 'admin', SYSTIMESTAMP, 'admin', SYSTIMESTAMP, 'Monitoring', '', '#', 'GET', NULL, NULL, 'Y', 3);
INSERT INTO app_permission (id, active, create_by, create_date, last_update_by, last_update_date, name, description, http_path, http_method, parent_menu, icon_file, as_menu, menu_order) VALUES ('0000000047155c630147155d50a30000', 'Y', 'admin', SYSTIMESTAMP, 'admin', SYSTIMESTAMP, 'View Event Message Content', '', 'eventInstance/viewMsgContent', 'GET', '000000004714fcad014714fd0bef0000', NULL, 'N', 0);
INSERT INTO app_permission (id, active, create_by, create_date, last_update_by, last_update_date, name, description, http_path, http_method, parent_menu, icon_file, as_menu, menu_order) VALUES ('000000004715984f01471605779e0000', 'Y', 'admin', SYSTIMESTAMP, 'admin', SYSTIMESTAMP, 'Process Instance Detail', '', 'processInstance/detail', 'GET', '000000004714fcad014714fd0bef0000', NULL, 'N', 0);
INSERT INTO app_permission (id, active, create_by, create_date, last_update_by, last_update_date, name, description, http_path, http_method, parent_menu, icon_file, as_menu, menu_order) VALUES ('000000004716285601471628fadc0000', 'Y', 'admin', SYSTIMESTAMP, 'admin', SYSTIMESTAMP, 'Process Instance View Task Message', '', 'processInstance/taskMsgContent', 'GET', '000000004714fcad014714fd0bef0000', NULL, 'N', 0);
INSERT INTO app_permission (id, active, create_by, create_date, last_update_by, last_update_date, name, description, http_path, http_method, parent_menu, icon_file, as_menu, menu_order) VALUES ('4028e9b53eb2839f013eb28a3e7e000e', 'Y', 'admin', SYSTIMESTAMP, 'admin', SYSTIMESTAMP, 'Adapter Create Post', '', 'qifAdapter/create', 'POST', '4028e9b53eb2839f013eb28501630000', NULL, 'N', 0);
INSERT INTO app_permission (id, active, create_by, create_date, last_update_by, last_update_date, name, description, http_path, http_method, parent_menu, icon_file, as_menu, menu_order) VALUES ('4028e90d3ecb4ec8013ecb67b7e80003', 'N', 'admin', SYSTIMESTAMP, 'admin', SYSTIMESTAMP, 'Activity Stream Adapter', '', 'activity/stream/adapter', 'GET', '4028e9b53eb2839f013eb28501630000', NULL, 'N', 0);
INSERT INTO app_permission (id, active, create_by, create_date, last_update_by, last_update_date, name, description, http_path, http_method, parent_menu, icon_file, as_menu, menu_order) VALUES ('4028e90d3eccd9d3013eccda72fe0001', 'N', 'admin', SYSTIMESTAMP, 'admin', SYSTIMESTAMP, 'Adapter Home', '', 'adapter/home', 'GET', '4028e9b53eb2839f013eb28501630000', NULL, 'N', 0);
INSERT INTO app_permission (id, active, create_by, create_date, last_update_by, last_update_date, name, description, http_path, http_method, parent_menu, icon_file, as_menu, menu_order) VALUES ('4028e9b53eb2839f013eb2882e030007', 'Y', 'admin', SYSTIMESTAMP, 'admin', SYSTIMESTAMP, 'Event Edit', '', 'qifEvent/edit', 'GET', '4028e9b53eb2839f013eb28501630000', NULL, 'N', 0);
INSERT INTO app_permission (id, active, create_by, create_date, last_update_by, last_update_date, name, description, http_path, http_method, parent_menu, icon_file, as_menu, menu_order) VALUES ('4028e9b53eb2839f013eb286b2560003', 'Y', 'admin', SYSTIMESTAMP, 'admin', SYSTIMESTAMP, 'Event Detail', '', 'qifEvent/detail', 'GET', '4028e9b53eb2839f013eb28501630000', NULL, 'N', 0);
INSERT INTO app_permission (id, active, create_by, create_date, last_update_by, last_update_date, name, description, http_path, http_method, parent_menu, icon_file, as_menu, menu_order) VALUES ('4028e9b53eb2839f013eb28783b10005', 'Y', 'admin', SYSTIMESTAMP, 'admin', SYSTIMESTAMP, 'Event Create', '', 'qifEvent/create', 'GET', '4028e9b53eb2839f013eb28501630000', NULL, 'N', 0);
INSERT INTO app_permission (id, active, create_by, create_date, last_update_by, last_update_date, name, description, http_path, http_method, parent_menu, icon_file, as_menu, menu_order) VALUES ('4028e9b53eb2839f013eb2871d560004', 'Y', 'admin', SYSTIMESTAMP, 'admin', SYSTIMESTAMP, 'Event Delete', '', 'qifEvent/delete', 'GET', '4028e9b53eb2839f013eb28501630000', NULL, 'N', 0);
INSERT INTO app_permission (id, active, create_by, create_date, last_update_by, last_update_date, name, description, http_path, http_method, parent_menu, icon_file, as_menu, menu_order) VALUES ('4028e9b53eb2839f013eb2887a4f0008', 'Y', 'admin', SYSTIMESTAMP, 'admin', SYSTIMESTAMP, 'Event Edit Post', '', 'qifEvent/edit', 'POST', '4028e9b53eb2839f013eb28501630000', NULL, 'N', 0);
INSERT INTO app_permission (id, active, create_by, create_date, last_update_by, last_update_date, name, description, http_path, http_method, parent_menu, icon_file, as_menu, menu_order) VALUES ('0000000046ec2a300146ecbd19e80003', 'Y', 'admin', SYSTIMESTAMP, 'admin', SYSTIMESTAMP, 'Adapter Adapter Property', '', 'qifAdapter/qifAdapterProperty', 'POST', '4028e9b53eb2839f013eb28501630000', NULL, 'N', 0);
INSERT INTO app_permission (id, active, create_by, create_date, last_update_by, last_update_date, name, description, http_path, http_method, parent_menu, icon_file, as_menu, menu_order) VALUES ('4028e9b53eb2839f013eb2895ab4000b', 'Y', 'admin', SYSTIMESTAMP, 'admin', SYSTIMESTAMP, 'Adapter Detail', '', 'qifAdapter/detail', 'GET', '4028e9b53eb2839f013eb28501630000', NULL, 'N', 0);
INSERT INTO app_permission (id, active, create_by, create_date, last_update_by, last_update_date, name, description, http_path, http_method, parent_menu, icon_file, as_menu, menu_order) VALUES ('4028e9b53eb2839f013eb28a9038000f', 'Y', 'admin', SYSTIMESTAMP, 'admin', SYSTIMESTAMP, 'Adapter Edit', '', 'qifAdapter/edit', 'GET', '4028e9b53eb2839f013eb28501630000', NULL, 'N', 0);
INSERT INTO app_permission (id, active, create_by, create_date, last_update_by, last_update_date, name, description, http_path, http_method, parent_menu, icon_file, as_menu, menu_order) VALUES ('4028e9b53eb2839f013eb28adff80010', 'Y', 'admin', SYSTIMESTAMP, 'admin', SYSTIMESTAMP, 'Adapter Edit Post', '', 'qifAdapter/edit', 'POST', '4028e9b53eb2839f013eb28501630000', NULL, 'N', 0);
INSERT INTO app_permission (id, active, create_by, create_date, last_update_by, last_update_date, name, description, http_path, http_method, parent_menu, icon_file, as_menu, menu_order) VALUES ('4028e9b53eb2839f013eb289f544000d', 'Y', 'admin', SYSTIMESTAMP, 'admin', SYSTIMESTAMP, 'Adapter Create', '', 'qifAdapter/create', 'GET', '4028e9b53eb2839f013eb28501630000', NULL, 'N', 0);
INSERT INTO app_permission (id, active, create_by, create_date, last_update_by, last_update_date, name, description, http_path, http_method, parent_menu, icon_file, as_menu, menu_order) VALUES ('4028e9b53eb2839f013eb289a2a8000c', 'Y', 'admin', SYSTIMESTAMP, 'admin', SYSTIMESTAMP, 'Adapter Delete', '', 'qifAdapter/delete', 'GET', '4028e9b53eb2839f013eb28501630000', NULL, 'N', 0);
INSERT INTO app_permission (id, active, create_by, create_date, last_update_by, last_update_date, name, description, http_path, http_method, parent_menu, icon_file, as_menu, menu_order) VALUES ('4028e9b53eb2839f013eb287e4d80006', 'Y', 'admin', SYSTIMESTAMP, 'admin', SYSTIMESTAMP, 'Event Create Post', '', 'qifEvent/create', 'POST', '4028e9b53eb2839f013eb28501630000', NULL, 'N', 0);
INSERT INTO app_permission (id, active, create_by, create_date, last_update_by, last_update_date, name, description, http_path, http_method, parent_menu, icon_file, as_menu, menu_order) VALUES ('4028e90d3ed0e549013ed0e5ee6c0000', 'Y', 'admin', SYSTIMESTAMP, 'admin', SYSTIMESTAMP, 'Event Event Property', '', 'qifEvent/qifEventProperty', 'POST', '4028e9b53eb2839f013eb28501630000', NULL, 'N', 0);
INSERT INTO app_permission (id, active, create_by, create_date, last_update_by, last_update_date, name, description, http_path, http_method, parent_menu, icon_file, as_menu, menu_order) VALUES ('000000004734477c014734481fb70000', 'Y', 'admin', SYSTIMESTAMP, 'admin', SYSTIMESTAMP, 'Process Instance View Activity Data', '', 'processInstance/viewActivityData', 'GET', '000000004714fcad014714fd0bef0000', NULL, 'N', 0);
INSERT INTO app_permission (id, active, create_by, create_date, last_update_by, last_update_date, name, description, http_path, http_method, parent_menu, icon_file, as_menu, menu_order) VALUES ('000000004739533701473959efb30000', 'Y', 'admin', SYSTIMESTAMP, 'admin', SYSTIMESTAMP, 'Process Instance List Ajax', '', 'processInstance/listAjax', 'GET', '000000004714fcad014714fd0bef0000', NULL, 'N', 0);
INSERT INTO app_permission (id, active, create_by, create_date, last_update_by, last_update_date, name, description, http_path, http_method, parent_menu, icon_file, as_menu, menu_order) VALUES ('00000000471594180147159480870000', 'Y', 'admin', SYSTIMESTAMP, 'admin', SYSTIMESTAMP, 'Process Instance', '', 'processInstance/list', 'GET', '000000004714fcad014714fd0bef0000', NULL, 'Y', 2);
INSERT INTO app_permission (id, active, create_by, create_date, last_update_by, last_update_date, name, description, http_path, http_method, parent_menu, icon_file, as_menu, menu_order) VALUES ('000000004714fcad014714fd6f850001', 'Y', 'admin', SYSTIMESTAMP, 'admin', SYSTIMESTAMP, 'Event Instance', '', 'eventInstance/list', 'GET', '000000004714fcad014714fd0bef0000', NULL, 'Y', 1);
INSERT INTO app_permission (id, active, create_by, create_date, last_update_by, last_update_date, name, description, http_path, http_method, parent_menu, icon_file, as_menu, menu_order) VALUES ('00000000473953370147395a2b8e0001', 'Y', 'admin', SYSTIMESTAMP, 'admin', SYSTIMESTAMP, 'Event Instance List Ajax', '', 'eventInstance/listAjax', 'GET', '000000004714fcad014714fd0bef0000', NULL, 'N', 0);

INSERT INTO app_role_permission (app_role_id, app_permission_id) VALUES ('4028e90d3ecb9c0e013ecbad65590004', '4028e90d3ec2240e013ec22482b90000');
INSERT INTO app_role_permission (app_role_id, app_permission_id) VALUES ('4028e90d3ecb9c0e013ecbad65590004', '4028e90d3ecb4ec8013ecb669db00001');
INSERT INTO app_role_permission (app_role_id, app_permission_id) VALUES ('4028e90d3ecb9c0e013ecbad65590004', '4028e90d3ecb4ec8013ecb66413a0000');
INSERT INTO app_role_permission (app_role_id, app_permission_id) VALUES ('4028e90d3ecb9c0e013ecbad65590004', '4028e90d3ecb4ec8013ecb67b7e80003');
INSERT INTO app_role_permission (app_role_id, app_permission_id) VALUES ('4028e90d3ecb9c0e013ecbad65590004', '4028e90d3eccd9d3013eccdab4430002');
INSERT INTO app_role_permission (app_role_id, app_permission_id) VALUES ('4028e90d3ecb9c0e013ecbad65590004', '4028e90d3ecb4ec8013ecb66e9d20002');
INSERT INTO app_role_permission (app_role_id, app_permission_id) VALUES ('4028e90d3ecb9c0e013ecbad65590004', '4028e90d3eccd9d3013eccda247f0000');
INSERT INTO app_role_permission (app_role_id, app_permission_id) VALUES ('4028e90d3ecb9c0e013ecbad65590004', '4028e90d3eccd9d3013eccda72fe0001');
INSERT INTO app_role_permission (app_role_id, app_permission_id) VALUES ('4028e98d2e9563c2012e9564639a0000', '4028e9f031adb4780131adbbfc250007');
INSERT INTO app_role_permission (app_role_id, app_permission_id) VALUES ('4028e98d2e9563c2012e9564639a0000', '40281a8132ab4b810132ab5f7d9e000b');
INSERT INTO app_role_permission (app_role_id, app_permission_id) VALUES ('4028e98d2e9563c2012e9564639a0000', '40281a8132ab4b810132ab5f364d000a');
INSERT INTO app_role_permission (app_role_id, app_permission_id) VALUES ('4028e98d2e9563c2012e9564639a0000', '40281a8132ab4b810132ab6341dd000f');
INSERT INTO app_role_permission (app_role_id, app_permission_id) VALUES ('4028e98d2e9563c2012e9564639a0000', '40281a8132ab4b810132ab62f5f3000e');
INSERT INTO app_role_permission (app_role_id, app_permission_id) VALUES ('4028e98d2e9563c2012e9564639a0000', '40281a8132ab4b810132ab61eb86000d');
INSERT INTO app_role_permission (app_role_id, app_permission_id) VALUES ('4028e98d2e9563c2012e9564639a0000', '40281a8132ab4b810132ab619ea8000c');
INSERT INTO app_role_permission (app_role_id, app_permission_id) VALUES ('4028e98d2e9563c2012e9564639a0000', '4028e9c532aa809b0132aaab72740000');
INSERT INTO app_role_permission (app_role_id, app_permission_id) VALUES ('4028e98d2e9563c2012e9564639a0000', '4028e9f031adb4780131adc21c68000d');
INSERT INTO app_role_permission (app_role_id, app_permission_id) VALUES ('4028e98d2e9563c2012e9564639a0000', '4028e9c532aa809b0132aab4eda00007');
INSERT INTO app_role_permission (app_role_id, app_permission_id) VALUES ('4028e98d2e9563c2012e9564639a0000', '4028e9c532aa809b0132aab48ebc0006');
INSERT INTO app_role_permission (app_role_id, app_permission_id) VALUES ('4028e98d2e9563c2012e9564639a0000', '4028e9c532aa809b0132aab44d260005');
INSERT INTO app_role_permission (app_role_id, app_permission_id) VALUES ('4028e98d2e9563c2012e9564639a0000', '4028e9c532aa809b0132aab401070004');
INSERT INTO app_role_permission (app_role_id, app_permission_id) VALUES ('4028e98d2e9563c2012e9564639a0000', '40281a8132ab4b810132ab5c39910006');
INSERT INTO app_role_permission (app_role_id, app_permission_id) VALUES ('4028e98d2e9563c2012e9564639a0000', '40281a8132ab4b810132ab5ba9cf0005');
INSERT INTO app_role_permission (app_role_id, app_permission_id) VALUES ('4028e98d2e9563c2012e9564639a0000', '40281a8132ab4b810132ab5b34270004');
INSERT INTO app_role_permission (app_role_id, app_permission_id) VALUES ('4028e98d2e9563c2012e9564639a0000', '40281a8132ab4b810132ab5ab72c0003');
INSERT INTO app_role_permission (app_role_id, app_permission_id) VALUES ('4028e98d2e9563c2012e9564639a0000', '40281a8132ab4b810132ab5a63960002');
INSERT INTO app_role_permission (app_role_id, app_permission_id) VALUES ('4028e98d2e9563c2012e9564639a0000', '40281a8132ab4b810132ab59b8610001');
INSERT INTO app_role_permission (app_role_id, app_permission_id) VALUES ('4028e98d2e9563c2012e9564639a0000', '40281a8132ab4b810132ab5971040000');
INSERT INTO app_role_permission (app_role_id, app_permission_id) VALUES ('4028e98d2e9563c2012e9564639a0000', '40281a8132ab4b810132ab5c876d0007');
INSERT INTO app_role_permission (app_role_id, app_permission_id) VALUES ('4028e98d2e9563c2012e9564639a0000', '4028e9c532aa809b0132aaadd5c50002');
INSERT INTO app_role_permission (app_role_id, app_permission_id) VALUES ('4028e98d2e9563c2012e9564639a0000', '4028e9f031adb4780131adbeaedd000a');
INSERT INTO app_role_permission (app_role_id, app_permission_id) VALUES ('4028e98d2e9563c2012e9564639a0000', '40281a8132ab41f90132ab4a3a220005');
INSERT INTO app_role_permission (app_role_id, app_permission_id) VALUES ('4028e98d2e9563c2012e9564639a0000', '40281a8132ab41f90132ab49f03f0004');
INSERT INTO app_role_permission (app_role_id, app_permission_id) VALUES ('4028e98d2e9563c2012e9564639a0000', '40281a8132ab41f90132ab49247f0003');
INSERT INTO app_role_permission (app_role_id, app_permission_id) VALUES ('4028e98d2e9563c2012e9564639a0000', '40281a8132ab41f90132ab48cb280002');
INSERT INTO app_role_permission (app_role_id, app_permission_id) VALUES ('4028e98d2e9563c2012e9564639a0000', '40281a8132ab41f90132ab4877ae0001');
INSERT INTO app_role_permission (app_role_id, app_permission_id) VALUES ('4028e98d2e9563c2012e9564639a0000', '40281a8132ab41f90132ab4817990000');
INSERT INTO app_role_permission (app_role_id, app_permission_id) VALUES ('4028e98d2e9563c2012e9564639a0000', '4028e9c532aa809b0132aaad732c0001');
INSERT INTO app_role_permission (app_role_id, app_permission_id) VALUES ('4028e98d2e9563c2012e9564639a0000', '4028e9c532aa7ad00132aa7d9f970000');
INSERT INTO app_role_permission (app_role_id, app_permission_id) VALUES ('4028e98d2e9563c2012e9564639a0000', '4028e9f031adb4780131adc13c6e000b');
INSERT INTO app_role_permission (app_role_id, app_permission_id) VALUES ('4028e98d2e9563c2012e9564639a0000', '4028e9f031adb4780131adb9e0280004');
INSERT INTO app_role_permission (app_role_id, app_permission_id) VALUES ('4028e98d2e9563c2012e9564639a0000', '4028e9f031adb4780131adbb5fd50006');
INSERT INTO app_role_permission (app_role_id, app_permission_id) VALUES ('4028e98d2e9563c2012e9564639a0000', 'c8a9a51ff65148c9b27ecf981c36c987');
INSERT INTO app_role_permission (app_role_id, app_permission_id) VALUES ('4028e98d2e9563c2012e9564639a0000', '4028e9f031adb4780131adb8c35d0001');
INSERT INTO app_role_permission (app_role_id, app_permission_id) VALUES ('4028e98d2e9563c2012e9564639a0000', '4028e9c732bad5930132bad713d00000');
INSERT INTO app_role_permission (app_role_id, app_permission_id) VALUES ('4028e98d2e9563c2012e9564639a0000', '40281a8132ab4b810132ab5e34a00009');
INSERT INTO app_role_permission (app_role_id, app_permission_id) VALUES ('4028e98d2e9563c2012e9564639a0000', '40281a8132ab4b810132ab5de9df0008');
INSERT INTO app_role_permission (app_role_id, app_permission_id) VALUES ('4028e98d2e9563c2012e9564639a0000', '4028e9c532aa809b0132aab359140003');
INSERT INTO app_role_permission (app_role_id, app_permission_id) VALUES ('4028e98d2e9563c2012e9564639a0000', '4028e9f031adb4780131adbc7da00009');
INSERT INTO app_role_permission (app_role_id, app_permission_id) VALUES ('4028e98d2e9563c2012e9564639a0000', '4028e9f031adb4780131adbc45e40008');
INSERT INTO app_role_permission (app_role_id, app_permission_id) VALUES ('4028e9d332fc7fb00132fcbc2b180000', '4028e98d2e9a45e4012e9a479eb70000');
INSERT INTO app_role_permission (app_role_id, app_permission_id) VALUES ('4028e9d332fc7fb00132fcbc2b180000', '2e29940ddd734441982c5625d5391047');
INSERT INTO app_role_permission (app_role_id, app_permission_id) VALUES ('4028e9d332fc7fb00132fcbc2b180000', '1C7CA68BECBC4B8381B48216425E9D94');
INSERT INTO app_role_permission (app_role_id, app_permission_id) VALUES ('4028e9d332fc7fb00132fcbc2b180000', '2B64067D983E4246AFE8CFE13B106D49');
INSERT INTO app_role_permission (app_role_id, app_permission_id) VALUES ('4028e9d332fc7fb00132fcbc2b180000', '3101BC2A060F45429D7F5D0B0DEF02AD');
INSERT INTO app_role_permission (app_role_id, app_permission_id) VALUES ('4028e90d3ed10334013ed11fcacb0008', '4028e9b53eb2839f013eb289f544000d');
INSERT INTO app_role_permission (app_role_id, app_permission_id) VALUES ('4028e90d3ed10334013ed11fcacb0008', '4028e9b53eb2839f013eb287e4d80006');
INSERT INTO app_role_permission (app_role_id, app_permission_id) VALUES ('4028e90d3ed10334013ed11fcacb0008', '4028e9b53eb2839f013eb2887a4f0008');
INSERT INTO app_role_permission (app_role_id, app_permission_id) VALUES ('4028e90d3ed10334013ed11fcacb0008', '4028e9b53eb2839f013eb289a2a8000c');
INSERT INTO app_role_permission (app_role_id, app_permission_id) VALUES ('4028e90d3ed10334013ed11fcacb0008', '4028e9b53eb2839f013eb28a3e7e000e');
INSERT INTO app_role_permission (app_role_id, app_permission_id) VALUES ('4028e90d3ed10334013ed11fcacb0008', '4028e90d3ec0dae0013ec0db52a10000');
INSERT INTO app_role_permission (app_role_id, app_permission_id) VALUES ('4028e90d3ed10334013ed11fcacb0008', '4028e90d3ec0dae0013ec0dbbcc70001');
INSERT INTO app_role_permission (app_role_id, app_permission_id) VALUES ('4028e90d3ed10334013ed11fcacb0008', '4028e90d3ec0dae0013ec0dca1910004');
INSERT INTO app_role_permission (app_role_id, app_permission_id) VALUES ('4028e90d3ed10334013ed11fcacb0008', '4028e90d3ec0dae0013ec0dcd2760005');
INSERT INTO app_role_permission (app_role_id, app_permission_id) VALUES ('4028e90d3ed10334013ed11fcacb0008', '4028e90d3ec0dae0013ec0dd0f2d0006');
INSERT INTO app_role_permission (app_role_id, app_permission_id) VALUES ('4028e90d3ed10334013ed11fcacb0008', '4028e90d3ec0dae0013ec0dd41190007');
INSERT INTO app_role_permission (app_role_id, app_permission_id) VALUES ('4028e90d3ed10334013ed11fcacb0008', '4028e90d3ecb4ec8013ecb66413a0000');
INSERT INTO app_role_permission (app_role_id, app_permission_id) VALUES ('4028e90d3ed10334013ed11fcacb0008', '4028e90d3ecb4ec8013ecb67b7e80003');
INSERT INTO app_role_permission (app_role_id, app_permission_id) VALUES ('4028e90d3ed10334013ed11fcacb0008', '4028e90d3eccd9d3013eccdab4430002');
INSERT INTO app_role_permission (app_role_id, app_permission_id) VALUES ('4028e90d3ed10334013ed11fcacb0008', '4028e90d3ed0e549013ed0e5ee6c0000');
INSERT INTO app_role_permission (app_role_id, app_permission_id) VALUES ('4028e90d3ed10334013ed11fcacb0008', '4028e90d3ec0dae0013ec0dc1fb00002');
INSERT INTO app_role_permission (app_role_id, app_permission_id) VALUES ('4028e90d3ed10334013ed11fcacb0008', '4028e90d3ecb4ec8013ecb66e9d20002');
INSERT INTO app_role_permission (app_role_id, app_permission_id) VALUES ('4028e90d3ed10334013ed11fcacb0008', '4028e90d3eccd9d3013eccda247f0000');
INSERT INTO app_role_permission (app_role_id, app_permission_id) VALUES ('4028e90d3ed10334013ed11fcacb0008', '4028e90d3eccd9d3013eccda72fe0001');
INSERT INTO app_role_permission (app_role_id, app_permission_id) VALUES ('4028e90d3ed10334013ed11fcacb0008', '4028e90d3ec0dae0013ec0dc6e300003');
INSERT INTO app_role_permission (app_role_id, app_permission_id) VALUES ('4028e90d3ed10334013ed11fcacb0008', '4028e90d3ec2240e013ec22482b90000');
INSERT INTO app_role_permission (app_role_id, app_permission_id) VALUES ('4028e90d3ed10334013ed11fcacb0008', '4028e90d3ecb4ec8013ecb669db00001');
INSERT INTO app_role_permission (app_role_id, app_permission_id) VALUES ('4028e90d3ed10334013ed11fcacb0008', '4028e9b53eb2839f013eb286b2560003');
INSERT INTO app_role_permission (app_role_id, app_permission_id) VALUES ('4028e90d3ed10334013ed11fcacb0008', '4028e9b53eb2839f013eb288cf760009');
INSERT INTO app_role_permission (app_role_id, app_permission_id) VALUES ('4028e90d3ed10334013ed11fcacb0008', '4028e9b53eb2839f013eb289145b000a');
INSERT INTO app_role_permission (app_role_id, app_permission_id) VALUES ('4028e90d3ed10334013ed11fcacb0008', '4028e9b53eb2839f013eb2860c070001');
INSERT INTO app_role_permission (app_role_id, app_permission_id) VALUES ('4028e90d3ed10334013ed11fcacb0008', '4028e9b53eb2839f013eb2866cb60002');
INSERT INTO app_role_permission (app_role_id, app_permission_id) VALUES ('4028e90d3ed10334013ed11fcacb0008', '4028e9b53eb2839f013eb28783b10005');
INSERT INTO app_role_permission (app_role_id, app_permission_id) VALUES ('4028e90d3ed10334013ed11fcacb0008', '4028e9b53eb2839f013eb2895ab4000b');
INSERT INTO app_role_permission (app_role_id, app_permission_id) VALUES ('4028e90d3ed10334013ed11fcacb0008', '4028e9b53eb2839f013eb28a9038000f');
INSERT INTO app_role_permission (app_role_id, app_permission_id) VALUES ('4028e90d3ed10334013ed11fcacb0008', '4028e9b53eb2839f013eb2871d560004');
INSERT INTO app_role_permission (app_role_id, app_permission_id) VALUES ('4028e90d3ed10334013ed11fcacb0008', '4028e9b53eb2839f013eb2882e030007');
INSERT INTO app_role_permission (app_role_id, app_permission_id) VALUES ('4028e90d3ed10334013ed11fcacb0008', '4028e9b53eb2839f013eb28adff80010');
INSERT INTO app_role_permission (app_role_id, app_permission_id) VALUES ('4028e90d3ed10334013ed11fcacb0008', '4028e9b53eb2839f013eb28501630000');
INSERT INTO app_role_permission (app_role_id, app_permission_id) VALUES ('4028e90d3ed10334013ed12057510009', '4028e90d3ec2240e013ec22482b90000');
INSERT INTO app_role_permission (app_role_id, app_permission_id) VALUES ('4028e90d3ed10334013ed12057510009', '4028e90d3ecb4ec8013ecb669db00001');
INSERT INTO app_role_permission (app_role_id, app_permission_id) VALUES ('4028e90d3ed10334013ed12057510009', '4028e9b53eb2839f013eb2895ab4000b');
INSERT INTO app_role_permission (app_role_id, app_permission_id) VALUES ('4028e90d3ed10334013ed12057510009', '4028e9b53eb2839f013eb28a9038000f');
INSERT INTO app_role_permission (app_role_id, app_permission_id) VALUES ('4028e90d3ed10334013ed12057510009', '4028e9b53eb2839f013eb28adff80010');
INSERT INTO app_role_permission (app_role_id, app_permission_id) VALUES ('4028e90d3ed10334013ed12057510009', '4028e9b53eb2839f013eb28501630000');
INSERT INTO app_role_permission (app_role_id, app_permission_id) VALUES ('4028e90d3ed10334013ed12057510009', '4028e9b53eb2839f013eb289f544000d');
INSERT INTO app_role_permission (app_role_id, app_permission_id) VALUES ('4028e90d3ed10334013ed12057510009', '4028e9b53eb2839f013eb289a2a8000c');
INSERT INTO app_role_permission (app_role_id, app_permission_id) VALUES ('4028e90d3ed10334013ed12057510009', '4028e9b53eb2839f013eb28a3e7e000e');
INSERT INTO app_role_permission (app_role_id, app_permission_id) VALUES ('4028e90d3ed10334013ed12057510009', '4028e90d3ecb4ec8013ecb66413a0000');
INSERT INTO app_role_permission (app_role_id, app_permission_id) VALUES ('4028e90d3ed10334013ed12057510009', '4028e90d3ecb4ec8013ecb67b7e80003');
INSERT INTO app_role_permission (app_role_id, app_permission_id) VALUES ('4028e90d3ed10334013ed12057510009', '4028e90d3eccd9d3013eccdab4430002');
INSERT INTO app_role_permission (app_role_id, app_permission_id) VALUES ('4028e90d3ed10334013ed12057510009', '4028e90d3ecb4ec8013ecb66e9d20002');
INSERT INTO app_role_permission (app_role_id, app_permission_id) VALUES ('4028e90d3ed10334013ed12057510009', '4028e90d3eccd9d3013eccda247f0000');
INSERT INTO app_role_permission (app_role_id, app_permission_id) VALUES ('4028e90d3ed10334013ed12057510009', '4028e90d3eccd9d3013eccda72fe0001');
INSERT INTO app_role_permission (app_role_id, app_permission_id) VALUES ('0000000046ec25d50146ec27921e0002', 'C3ED40778A5647198C9ABB05CEE47D1C');
INSERT INTO app_role_permission (app_role_id, app_permission_id) VALUES ('0000000046ec25d50146ec27921e0002', '2e29940ddd734441982c5625d5391047');
INSERT INTO app_role_permission (app_role_id, app_permission_id) VALUES ('0000000046ec25d50146ec27921e0002', '2B64067D983E4246AFE8CFE13B106D49');
INSERT INTO app_role_permission (app_role_id, app_permission_id) VALUES ('0000000046ec25d50146ec27921e0002', '3101BC2A060F45429D7F5D0B0DEF02AD');
INSERT INTO app_role_permission (app_role_id, app_permission_id) VALUES ('0000000046ec25d50146ec27921e0002', 'C1287B8DB1894DADA3131009765310C8');
INSERT INTO app_role_permission (app_role_id, app_permission_id) VALUES ('0000000046ec25d50146ec27921e0002', '6F095DC1ACC943BCA66225AA3CFAA7E5');
INSERT INTO app_role_permission (app_role_id, app_permission_id) VALUES ('c6c2c31d117b4aae879b776349e116f5', '4028e90d3ec0dae0013ec0dc6e300003');
INSERT INTO app_role_permission (app_role_id, app_permission_id) VALUES ('c6c2c31d117b4aae879b776349e116f5', '4028e90d3ec2240e013ec22482b90000');
INSERT INTO app_role_permission (app_role_id, app_permission_id) VALUES ('c6c2c31d117b4aae879b776349e116f5', '567E7F28DE904CF9A0C7AEA119110D45');
INSERT INTO app_role_permission (app_role_id, app_permission_id) VALUES ('c6c2c31d117b4aae879b776349e116f5', 'C3ED40778A5647198C9ABB05CEE47D1C');
INSERT INTO app_role_permission (app_role_id, app_permission_id) VALUES ('c6c2c31d117b4aae879b776349e116f5', '2AA74BF0F6CF40C39811AA9E734E28E1');
INSERT INTO app_role_permission (app_role_id, app_permission_id) VALUES ('c6c2c31d117b4aae879b776349e116f5', '2F7A6AF41B3D4022A77F74E657FB05C6');
INSERT INTO app_role_permission (app_role_id, app_permission_id) VALUES ('c6c2c31d117b4aae879b776349e116f5', '6182CECF589741DA80D1B836EAD95109');
INSERT INTO app_role_permission (app_role_id, app_permission_id) VALUES ('c6c2c31d117b4aae879b776349e116f5', '248A23A15FAA40579B0B98763F26087D');
INSERT INTO app_role_permission (app_role_id, app_permission_id) VALUES ('c6c2c31d117b4aae879b776349e116f5', '3B0652CB8C6447C3BC67AC02A47461D6');
INSERT INTO app_role_permission (app_role_id, app_permission_id) VALUES ('c6c2c31d117b4aae879b776349e116f5', '1A22CCCB45F8455FB088E5EFC11686F7');
INSERT INTO app_role_permission (app_role_id, app_permission_id) VALUES ('c6c2c31d117b4aae879b776349e116f5', '4028e98d2e9a45e4012e9a480cc70001');
INSERT INTO app_role_permission (app_role_id, app_permission_id) VALUES ('c6c2c31d117b4aae879b776349e116f5', '4B15856B68A04D26B32D4902373F6776');
INSERT INTO app_role_permission (app_role_id, app_permission_id) VALUES ('c6c2c31d117b4aae879b776349e116f5', '4028e98d2e9a45e4012e9a479eb70000');
INSERT INTO app_role_permission (app_role_id, app_permission_id) VALUES ('c6c2c31d117b4aae879b776349e116f5', '2e29940ddd734441982c5625d5391047');
INSERT INTO app_role_permission (app_role_id, app_permission_id) VALUES ('c6c2c31d117b4aae879b776349e116f5', '565df25d24d24551858e8b94417858c7');
INSERT INTO app_role_permission (app_role_id, app_permission_id) VALUES ('c6c2c31d117b4aae879b776349e116f5', 'a97d938bf89a4e7b841ec30241f49077');
INSERT INTO app_role_permission (app_role_id, app_permission_id) VALUES ('c6c2c31d117b4aae879b776349e116f5', '1415dc2385f34bb8a25bc3bc0f96b980');
INSERT INTO app_role_permission (app_role_id, app_permission_id) VALUES ('c6c2c31d117b4aae879b776349e116f5', '797B00A58AF245E4906AA5DDB31C5B41');
INSERT INTO app_role_permission (app_role_id, app_permission_id) VALUES ('c6c2c31d117b4aae879b776349e116f5', 'B07CC2605E1D4788875B35194CFE3F9F');
INSERT INTO app_role_permission (app_role_id, app_permission_id) VALUES ('c6c2c31d117b4aae879b776349e116f5', 'F7D716CE30244D2586F22A8FB6E42896');
INSERT INTO app_role_permission (app_role_id, app_permission_id) VALUES ('c6c2c31d117b4aae879b776349e116f5', '1C7CA68BECBC4B8381B48216425E9D94');
INSERT INTO app_role_permission (app_role_id, app_permission_id) VALUES ('c6c2c31d117b4aae879b776349e116f5', '50D3711D00404765A6572DCD1274020E');
INSERT INTO app_role_permission (app_role_id, app_permission_id) VALUES ('c6c2c31d117b4aae879b776349e116f5', '1E4BB742EF47444193DC854DC512BEFD');
INSERT INTO app_role_permission (app_role_id, app_permission_id) VALUES ('c6c2c31d117b4aae879b776349e116f5', 'D54EE48F2D394ED4B87ED8DC16D8C0F2');
INSERT INTO app_role_permission (app_role_id, app_permission_id) VALUES ('c6c2c31d117b4aae879b776349e116f5', 'EF7F8F076F394231829D8DE44CD8E2E7');
INSERT INTO app_role_permission (app_role_id, app_permission_id) VALUES ('c6c2c31d117b4aae879b776349e116f5', '2B64067D983E4246AFE8CFE13B106D49');
INSERT INTO app_role_permission (app_role_id, app_permission_id) VALUES ('c6c2c31d117b4aae879b776349e116f5', '8142FAF86ACF46B2877E43CC14D94074');
INSERT INTO app_role_permission (app_role_id, app_permission_id) VALUES ('c6c2c31d117b4aae879b776349e116f5', '12A69D24808047C7A696DE769BD377C9');
INSERT INTO app_role_permission (app_role_id, app_permission_id) VALUES ('c6c2c31d117b4aae879b776349e116f5', '5D29FBB23BCC46FFA8456DD7F87C8F75');
INSERT INTO app_role_permission (app_role_id, app_permission_id) VALUES ('c6c2c31d117b4aae879b776349e116f5', '86DEE222EA22485287651C64BE98E614');
INSERT INTO app_role_permission (app_role_id, app_permission_id) VALUES ('c6c2c31d117b4aae879b776349e116f5', '3101BC2A060F45429D7F5D0B0DEF02AD');
INSERT INTO app_role_permission (app_role_id, app_permission_id) VALUES ('c6c2c31d117b4aae879b776349e116f5', '4C078AD444E341D8A75FB0B07FA43BBA');
INSERT INTO app_role_permission (app_role_id, app_permission_id) VALUES ('c6c2c31d117b4aae879b776349e116f5', 'D60D3AE31A5E4603B757BFE05D01F2BB');
INSERT INTO app_role_permission (app_role_id, app_permission_id) VALUES ('c6c2c31d117b4aae879b776349e116f5', 'ED24BA86C56E44D69A958600FDE7A523');
INSERT INTO app_role_permission (app_role_id, app_permission_id) VALUES ('c6c2c31d117b4aae879b776349e116f5', '553E7C66B2854F37B61521ED2DE29E50');
INSERT INTO app_role_permission (app_role_id, app_permission_id) VALUES ('c6c2c31d117b4aae879b776349e116f5', 'C1287B8DB1894DADA3131009765310C8');
INSERT INTO app_role_permission (app_role_id, app_permission_id) VALUES ('c6c2c31d117b4aae879b776349e116f5', '022C4C55EFB44354AC7F17CBDF06039B');
INSERT INTO app_role_permission (app_role_id, app_permission_id) VALUES ('c6c2c31d117b4aae879b776349e116f5', '8B39944AC57B4805936A6233763EA33D');
INSERT INTO app_role_permission (app_role_id, app_permission_id) VALUES ('c6c2c31d117b4aae879b776349e116f5', 'B7126827D27143A2BB42DB1815CB4C17');
INSERT INTO app_role_permission (app_role_id, app_permission_id) VALUES ('c6c2c31d117b4aae879b776349e116f5', '2EDB5F1BC61E4A7FB682139C22AA3CF7');
INSERT INTO app_role_permission (app_role_id, app_permission_id) VALUES ('c6c2c31d117b4aae879b776349e116f5', '6F095DC1ACC943BCA66225AA3CFAA7E5');
INSERT INTO app_role_permission (app_role_id, app_permission_id) VALUES ('c6c2c31d117b4aae879b776349e116f5', '4028e9b53eb2839f013eb289145b000a');
INSERT INTO app_role_permission (app_role_id, app_permission_id) VALUES ('c6c2c31d117b4aae879b776349e116f5', '4028e9b53eb2839f013eb288cf760009');
INSERT INTO app_role_permission (app_role_id, app_permission_id) VALUES ('c6c2c31d117b4aae879b776349e116f5', 'C3283CF172624981BB9F90E522DF576D');
INSERT INTO app_role_permission (app_role_id, app_permission_id) VALUES ('c6c2c31d117b4aae879b776349e116f5', '16BB2D2B40CB4BA5986484B080AC6C39');
INSERT INTO app_role_permission (app_role_id, app_permission_id) VALUES ('c6c2c31d117b4aae879b776349e116f5', '6356E46F250447D398D020C84CB5A0B8');
INSERT INTO app_role_permission (app_role_id, app_permission_id) VALUES ('c6c2c31d117b4aae879b776349e116f5', '4028e90d3ec0dae0013ec0dbbcc70001');
INSERT INTO app_role_permission (app_role_id, app_permission_id) VALUES ('c6c2c31d117b4aae879b776349e116f5', '4028e90d3ec0dae0013ec0dca1910004');
INSERT INTO app_role_permission (app_role_id, app_permission_id) VALUES ('c6c2c31d117b4aae879b776349e116f5', '4028e90d3ec0dae0013ec0dcd2760005');
INSERT INTO app_role_permission (app_role_id, app_permission_id) VALUES ('c6c2c31d117b4aae879b776349e116f5', '4028e90d3ec0dae0013ec0dd0f2d0006');
INSERT INTO app_role_permission (app_role_id, app_permission_id) VALUES ('c6c2c31d117b4aae879b776349e116f5', '4028e90d3ec0dae0013ec0dd41190007');
INSERT INTO app_role_permission (app_role_id, app_permission_id) VALUES ('c6c2c31d117b4aae879b776349e116f5', '4028e90d3ecb4ec8013ecb66413a0000');
INSERT INTO app_role_permission (app_role_id, app_permission_id) VALUES ('c6c2c31d117b4aae879b776349e116f5', '4028e90d3ec0dae0013ec0dc1fb00002');
INSERT INTO app_role_permission (app_role_id, app_permission_id) VALUES ('c6c2c31d117b4aae879b776349e116f5', '4028e90d3eccd9d3013eccda247f0000');
INSERT INTO app_role_permission (app_role_id, app_permission_id) VALUES ('c6c2c31d117b4aae879b776349e116f5', '4028e9b53eb2839f013eb2860c070001');
INSERT INTO app_role_permission (app_role_id, app_permission_id) VALUES ('c6c2c31d117b4aae879b776349e116f5', '4028e9b53eb2839f013eb28501630000');
INSERT INTO app_role_permission (app_role_id, app_permission_id) VALUES ('c6c2c31d117b4aae879b776349e116f5', '4028e9b53eb2839f013eb2866cb60002');
INSERT INTO app_role_permission (app_role_id, app_permission_id) VALUES ('c6c2c31d117b4aae879b776349e116f5', '000000004714fcad014714fd0bef0000');
INSERT INTO app_role_permission (app_role_id, app_permission_id) VALUES ('c6c2c31d117b4aae879b776349e116f5', '0000000047155c630147155d50a30000');
INSERT INTO app_role_permission (app_role_id, app_permission_id) VALUES ('c6c2c31d117b4aae879b776349e116f5', '000000004715984f01471605779e0000');
INSERT INTO app_role_permission (app_role_id, app_permission_id) VALUES ('c6c2c31d117b4aae879b776349e116f5', '000000004716285601471628fadc0000');
INSERT INTO app_role_permission (app_role_id, app_permission_id) VALUES ('c6c2c31d117b4aae879b776349e116f5', '4028e9b53eb2839f013eb28a3e7e000e');
INSERT INTO app_role_permission (app_role_id, app_permission_id) VALUES ('c6c2c31d117b4aae879b776349e116f5', '4028e9b53eb2839f013eb2882e030007');
INSERT INTO app_role_permission (app_role_id, app_permission_id) VALUES ('c6c2c31d117b4aae879b776349e116f5', '4028e9b53eb2839f013eb286b2560003');
INSERT INTO app_role_permission (app_role_id, app_permission_id) VALUES ('c6c2c31d117b4aae879b776349e116f5', '4028e9b53eb2839f013eb28783b10005');
INSERT INTO app_role_permission (app_role_id, app_permission_id) VALUES ('c6c2c31d117b4aae879b776349e116f5', '4028e9b53eb2839f013eb2871d560004');
INSERT INTO app_role_permission (app_role_id, app_permission_id) VALUES ('c6c2c31d117b4aae879b776349e116f5', '4028e9b53eb2839f013eb2887a4f0008');
INSERT INTO app_role_permission (app_role_id, app_permission_id) VALUES ('c6c2c31d117b4aae879b776349e116f5', '0000000046ec2a300146ecbd19e80003');
INSERT INTO app_role_permission (app_role_id, app_permission_id) VALUES ('c6c2c31d117b4aae879b776349e116f5', '4028e9b53eb2839f013eb2895ab4000b');
INSERT INTO app_role_permission (app_role_id, app_permission_id) VALUES ('c6c2c31d117b4aae879b776349e116f5', '4028e9b53eb2839f013eb28a9038000f');
INSERT INTO app_role_permission (app_role_id, app_permission_id) VALUES ('c6c2c31d117b4aae879b776349e116f5', '4028e9b53eb2839f013eb28adff80010');
INSERT INTO app_role_permission (app_role_id, app_permission_id) VALUES ('c6c2c31d117b4aae879b776349e116f5', '4028e9b53eb2839f013eb289f544000d');
INSERT INTO app_role_permission (app_role_id, app_permission_id) VALUES ('c6c2c31d117b4aae879b776349e116f5', '4028e9b53eb2839f013eb289a2a8000c');
INSERT INTO app_role_permission (app_role_id, app_permission_id) VALUES ('c6c2c31d117b4aae879b776349e116f5', '4028e9b53eb2839f013eb287e4d80006');
INSERT INTO app_role_permission (app_role_id, app_permission_id) VALUES ('c6c2c31d117b4aae879b776349e116f5', '4028e90d3ed0e549013ed0e5ee6c0000');
INSERT INTO app_role_permission (app_role_id, app_permission_id) VALUES ('c6c2c31d117b4aae879b776349e116f5', '000000004734477c014734481fb70000');
INSERT INTO app_role_permission (app_role_id, app_permission_id) VALUES ('c6c2c31d117b4aae879b776349e116f5', '000000004739533701473959efb30000');
INSERT INTO app_role_permission (app_role_id, app_permission_id) VALUES ('c6c2c31d117b4aae879b776349e116f5', '00000000471594180147159480870000');
INSERT INTO app_role_permission (app_role_id, app_permission_id) VALUES ('c6c2c31d117b4aae879b776349e116f5', '000000004714fcad014714fd6f850001');
INSERT INTO app_role_permission (app_role_id, app_permission_id) VALUES ('c6c2c31d117b4aae879b776349e116f5', '00000000473953370147395a2b8e0001');

Insert into APP_OPTION (ID,CREATE_BY,CREATE_DATE,LAST_UPDATE_BY,LAST_UPDATE_DATE,OPTION_CATEGORY,NAME,ACTIVE) values (SYS_GUID(),'admin',SYSTIMESTAMP,'admin',SYSTIMESTAMP,'http_method','GET','Y');
Insert into APP_OPTION (ID,CREATE_BY,CREATE_DATE,LAST_UPDATE_BY,LAST_UPDATE_DATE,OPTION_CATEGORY,NAME,ACTIVE) values (SYS_GUID(),'admin',SYSTIMESTAMP,'admin',SYSTIMESTAMP,'http_method','POST','Y');
